Tiempo_ms,PWM_porcentaje,RPM
0,0,0.00
4,0,0.00
8,0,0.00
12,0,0.00
16,0,0.00
20,0,0.00
24,0,0.00
28,0,0.00
32,0,0.00
36,0,0.00
40,0,0.00
44,0,0.00
48,0,0.00
52,0,0.00
56,0,0.00
60,0,0.00
64,0,0.00
68,0,0.00
72,0,0.00
76,0,0.00
80,0,0.00
84,0,0.00
88,0,0.00
92,0,0.00
96,0,0.00
100,0,0.00
104,0,0.00
108,0,0.00
112,0,0.00
116,0,0.00
120,0,0.00
124,0,0.00
128,0,0.00
132,0,0.00
136,0,0.00
140,0,0.00
144,0,0.00
148,0,0.00
152,0,0.00
156,0,0.00
160,0,0.00
164,0,0.00
168,0,0.00
172,0,0.00
176,0,0.00
180,0,0.00
184,0,0.00
188,0,0.00
192,0,0.00
196,0,0.00
200,0,0.00
204,0,0.00
208,0,0.00
212,0,0.00
216,0,0.00
220,0,0.00
224,0,0.00
228,0,0.00
232,0,0.00
236,0,0.00
240,0,0.00
244,0,0.00
248,0,0.00
252,0,0.00
256,0,0.00
260,0,0.00
264,0,0.00
268,0,0.00
272,0,0.00
276,0,0.00
280,0,0.00
284,0,0.00
288,0,0.00
292,0,0.00
296,0,0.00
300,0,0.00
304,0,0.00
308,0,0.00
312,0,0.00
316,0,0.00
320,0,0.00
324,0,0.00
328,0,0.00
332,0,0.00
336,0,0.00
340,0,0.00
344,0,0.00
348,0,0.00
352,0,0.00
356,0,0.00
360,0,0.00
364,0,0.00
368,0,0.00
372,0,0.00
376,0,0.00
380,0,0.00
384,0,0.00
388,0,0.00
392,0,0.00
396,0,0.00
400,0,0.00
404,0,0.00
408,0,0.00
412,0,0.00
416,0,0.00
420,0,0.00
424,0,0.00
428,0,0.00
432,0,0.00
436,0,0.00
440,0,0.00
444,0,0.00
448,0,0.00
452,0,0.00
456,0,0.00
460,0,0.00
464,0,0.00
468,0,0.00
472,0,0.00
476,0,0.00
480,0,0.00
484,0,0.00
488,0,0.00
492,0,0.00
496,0,0.00
500,0,0.00
504,0,0.00
508,0,0.00
512,0,0.00
516,0,0.00
520,0,0.00
524,0,0.00
528,0,0.00
532,0,0.00
536,0,0.00
540,0,0.00
544,0,0.00
548,0,0.00
552,0,0.00
556,0,0.00
560,0,0.00
564,0,0.00
568,0,0.00
572,0,0.00
576,0,0.00
580,0,0.00
584,0,0.00
588,0,0.00
592,0,0.00
596,0,0.00
600,0,0.00
604,0,0.00
608,0,0.00
612,0,0.00
616,0,0.00
620,0,0.00
624,0,0.00
628,0,0.00
632,0,0.00
636,0,0.00
640,0,0.00
644,0,0.00
648,0,0.00
652,0,0.00
656,0,0.00
660,0,0.00
664,0,0.00
668,0,0.00
672,0,0.00
676,0,0.00
680,0,0.00
684,0,0.00
688,0,0.00
692,0,0.00
696,0,0.00
700,0,0.00
704,0,0.00
708,0,0.00
712,0,0.00
716,0,0.00
720,0,0.00
724,0,0.00
728,0,0.00
732,0,0.00
736,0,0.00
740,0,0.00
744,0,0.00
748,0,0.00
752,0,0.00
756,0,0.00
760,0,0.00
764,0,0.00
768,0,0.00
772,0,0.00
776,0,0.00
780,0,0.00
784,0,0.00
788,0,0.00
792,0,0.00
796,0,0.00
800,0,0.00
804,0,0.00
808,0,0.00
812,0,0.00
816,0,0.00
820,0,0.00
824,0,0.00
828,0,0.00
832,0,0.00
836,0,0.00
840,0,0.00
844,0,0.00
848,0,0.00
852,0,0.00
856,0,0.00
860,0,0.00
864,0,0.00
868,0,0.00
872,0,0.00
876,0,0.00
880,0,0.00
884,0,0.00
888,0,0.00
892,0,0.00
896,0,0.00
900,0,0.00
904,0,0.00
908,0,0.00
912,0,0.00
916,0,0.00
920,0,0.00
924,0,0.00
928,0,0.00
932,0,0.00
936,0,0.00
940,0,0.00
944,0,0.00
948,0,0.00
952,0,0.00
956,0,0.00
960,0,0.00
964,0,0.00
968,0,0.00
972,0,0.00
976,0,0.00
980,0,0.00
984,0,0.00
988,0,0.00
992,0,0.00
996,0,0.00
1000,0,0.00
1004,0,0.00
1008,0,0.00
1012,0,0.00
1016,0,0.00
1020,0,0.00
1024,0,0.00
1028,0,0.00
1032,0,0.00
1036,0,0.00
1040,0,0.00
1044,0,0.00
1048,0,0.00
1052,0,0.00
1056,0,0.00
1060,0,0.00
1064,0,0.00
1068,0,0.00
1072,0,0.00
1076,0,0.00
1080,0,0.00
1084,0,0.00
1088,0,0.00
1092,0,0.00
1096,0,0.00
1100,0,0.00
1104,0,0.00
1108,0,0.00
1112,0,0.00
1116,0,0.00
1120,0,0.00
1124,0,0.00
1128,0,0.00
1132,0,0.00
1136,0,0.00
1140,0,0.00
1144,0,0.00
1148,0,0.00
1152,0,0.00
1156,0,0.00
1160,0,0.00
1164,0,0.00
1168,0,0.00
1172,0,0.00
1176,0,0.00
1180,0,0.00
1184,0,0.00
1188,0,0.00
1192,0,0.00
1196,0,0.00
1200,0,0.00
1204,0,0.00
1208,0,0.00
1212,0,0.00
1216,0,0.00
1220,0,0.00
1224,0,0.00
1228,0,0.00
1232,0,0.00
1236,0,0.00
1240,0,0.00
1244,0,0.00
1248,0,0.00
1252,0,0.00
1256,0,0.00
1260,0,0.00
1264,0,0.00
1268,0,0.00
1272,0,0.00
1276,0,0.00
1280,0,0.00
1284,0,0.00
1288,0,0.00
1292,0,0.00
1296,0,0.00
1300,0,0.00
1304,0,0.00
1308,0,0.00
1312,0,0.00
1316,0,0.00
1320,0,0.00
1324,0,0.00
1328,0,0.00
1332,0,0.00
1336,0,0.00
1340,0,0.00
1344,0,0.00
1348,0,0.00
1352,0,0.00
1356,0,0.00
1360,0,0.00
1364,0,0.00
1368,0,0.00
1372,0,0.00
1376,0,0.00
1380,0,0.00
1384,0,0.00
1388,0,0.00
1392,0,0.00
1396,0,0.00
1400,0,0.00
1404,0,0.00
1408,0,0.00
1412,0,0.00
1416,0,0.00
1420,0,0.00
1424,0,0.00
1428,0,0.00
1432,0,0.00
1436,0,0.00
1440,0,0.00
1444,0,0.00
1448,0,0.00
1452,0,0.00
1456,0,0.00
1460,0,0.00
1464,0,0.00
1468,0,0.00
1472,0,0.00
1476,0,0.00
1480,0,0.00
1484,0,0.00
1488,0,0.00
1492,0,0.00
1496,0,0.00
1500,0,0.00
1504,0,0.00
1508,0,0.00
1512,0,0.00
1516,0,0.00
1520,0,0.00
1524,0,0.00
1528,0,0.00
1532,0,0.00
1536,0,0.00
1540,0,0.00
1544,0,0.00
1548,0,0.00
1552,0,0.00
1556,0,0.00
1560,0,0.00
1564,0,0.00
1568,0,0.00
1572,0,0.00
1576,0,0.00
1580,0,0.00
1584,0,0.00
1588,0,0.00
1592,0,0.00
1596,0,0.00
1600,0,0.00
1604,0,0.00
1608,0,0.00
1612,0,0.00
1616,0,0.00
1620,0,0.00
1624,0,0.00
1628,0,0.00
1632,0,0.00
1636,0,0.00
1640,0,0.00
1644,0,0.00
1648,0,0.00
1652,0,0.00
1656,0,0.00
1660,0,0.00
1664,0,0.00
1668,0,0.00
1672,0,0.00
1676,0,0.00
1680,0,0.00
1684,0,0.00
1688,0,0.00
1692,0,0.00
1696,0,0.00
1700,0,0.00
1704,0,0.00
1708,0,0.00
1712,0,0.00
1716,0,0.00
1720,0,0.00
1724,0,0.00
1728,0,0.00
1732,0,0.00
1736,0,0.00
1740,0,0.00
1744,0,0.00
1748,0,0.00
1752,0,0.00
1756,0,0.00
1760,0,0.00
1764,0,0.00
1768,0,0.00
1772,0,0.00
1776,0,0.00
1780,0,0.00
1784,0,0.00
1788,0,0.00
1792,0,0.00
1796,0,0.00
1800,0,0.00
1804,0,0.00
1808,0,0.00
1812,0,0.00
1816,0,0.00
1820,0,0.00
1824,0,0.00
1828,0,0.00
1832,0,0.00
1836,0,0.00
1840,0,0.00
1844,0,0.00
1848,0,0.00
1852,0,0.00
1856,0,0.00
1860,0,0.00
1864,0,0.00
1868,0,0.00
1872,0,0.00
1876,0,0.00
1880,0,0.00
1884,0,0.00
1888,0,0.00
1892,0,0.00
1896,0,0.00
1900,0,0.00
1904,0,0.00
1908,0,0.00
1912,0,0.00
1916,0,0.00
1920,0,0.00
1924,0,0.00
1928,0,0.00
1932,0,0.00
1936,0,0.00
1940,0,0.00
1944,0,0.00
1948,0,0.00
1952,0,0.00
1956,0,0.00
1960,0,0.00
1964,0,0.00
1968,0,0.00
1972,0,0.00
1976,0,0.00
1980,0,0.00
1984,0,0.00
1988,0,0.00
1992,0,0.00
1996,0,0.00
2000,20,0.00
2004,20,0.00
2008,20,0.00
2012,20,0.00
2016,20,0.00
2020,20,0.00
2024,20,0.00
2028,20,73.14
2032,20,0.00
2036,20,0.00
2040,20,0.00
2044,20,159.80
2048,20,0.00
2052,20,0.00
2056,20,211.45
2060,20,0.00
2064,20,0.00
2068,20,0.00
2072,20,0.00
2076,20,0.00
2080,20,0.00
2084,20,0.00
2088,20,0.00
2092,20,0.00
2096,20,375.85
2100,20,0.00
2104,20,0.00
2108,20,457.04
2112,20,0.00
2116,20,0.00
2120,20,578.32
2124,20,0.00
2128,20,0.00
2132,20,0.00
2136,20,709.43
2140,20,718.34
2144,20,0.00
2148,20,0.00
2152,20,0.00
2156,20,920.18
2160,20,894.91
2164,20,905.08
2168,20,910.13
2172,20,911.45
2176,20,0.00
2180,20,0.00
2184,20,0.00
2188,20,805.60
2192,20,831.81
2196,20,843.74
2200,20,943.80
2204,20,976.25
2208,20,0.00
2212,20,949.27
2216,20,1501.93
2220,20,0.00
2224,20,1031.51
2228,20,1210.69
2232,20,1075.39
2236,20,1185.76
2240,20,0.00
2244,20,853.74
2248,20,1029.85
2252,20,1041.14
2256,20,0.00
2260,20,0.00
2264,20,928.80
2268,20,0.00
2272,20,2025.59
2276,20,1304.31
2280,20,1411.94
2284,20,1258.21
2288,20,0.00
2292,20,1277.19
2296,20,1329.42
2300,20,1281.91
2304,20,1286.33
2308,20,1292.92
2312,20,1330.18
2316,20,1261.65
2320,20,0.00
2324,20,0.00
2328,20,1327.50
2332,20,1356.27
2336,20,0.00
2340,20,1385.95
2344,20,1834.85
2348,20,0.00
2352,20,1464.60
2356,20,1401.70
2360,20,1309.29
2364,20,0.00
2368,20,0.00
2372,20,1722.12
2376,20,1663.31
2380,20,1624.53
2384,20,0.00
2388,20,1448.68
2392,20,0.00
2396,20,0.00
2400,20,1533.19
2404,20,1542.57
2408,20,1453.46
2412,20,1479.95
2416,20,1531.37
2420,20,1734.26
2424,20,1507.19
2428,20,1466.18
2432,20,1446.44
2436,20,0.00
2440,20,1475.09
2444,20,1577.09
2448,20,1649.51
2452,20,2539.98
2456,20,0.00
2460,20,1700.19
2464,20,0.00
2468,20,1604.08
2472,20,0.00
2476,20,1504.02
2480,20,1583.39
2484,20,1631.12
2488,20,0.00
2492,20,1710.82
2496,20,0.00
2500,20,1826.46
2504,20,1618.30
2508,20,1571.88
2512,20,1522.56
2516,20,1631.79
2520,20,1632.97
2524,20,1557.78
2528,20,1551.39
2532,20,0.00
2536,20,0.00
2540,20,0.00
2544,20,1804.58
2548,20,2193.75
2552,20,2025.24
2556,20,1531.19
2560,20,1564.26
2564,20,1769.25
2568,20,1873.42
2572,20,0.00
2576,20,1842.73
2580,20,1686.60
2584,20,1781.14
2588,20,1720.15
2592,20,0.00
2596,20,1657.46
2600,20,1784.24
2604,20,1691.71
2608,20,0.00
2612,20,1993.59
2616,20,1939.31
2620,20,1663.20
2624,20,1743.08
2628,20,0.00
2632,20,0.00
2636,20,1556.17
2640,20,1715.56
2644,20,1960.17
2648,20,1784.31
2652,20,1945.27
2656,20,1881.95
2660,20,1794.15
2664,20,1738.12
2668,20,1612.97
2672,20,0.00
2676,20,1872.55
2680,20,1988.90
2684,20,1809.42
2688,20,1980.24
2692,20,0.00
2696,20,0.00
2700,20,1685.84
2704,20,1633.09
2708,20,1842.65
2712,20,1890.06
2716,20,0.00
2720,20,2244.13
2724,20,2252.68
2728,20,0.00
2732,20,1707.76
2736,20,1642.14
2740,20,1789.88
2744,20,1712.12
2748,20,1779.20
2752,20,1842.51
2756,20,2084.08
2760,20,2043.04
2764,20,1943.19
2768,20,1874.90
2772,20,0.00
2776,20,1790.68
2780,20,1940.88
2784,20,3002.15
2788,20,1881.26
2792,20,2082.77
2796,20,2045.55
2800,20,1729.78
2804,20,1825.48
2808,20,1966.78
2812,20,1881.44
2816,20,1995.77
2820,20,2090.46
2824,20,2148.85
2828,20,1855.07
2832,20,2008.95
2836,20,0.00
2840,20,1842.98
2844,20,1872.66
2848,20,0.00
2852,20,2234.45
2856,20,1931.11
2860,20,2158.31
2864,20,2324.75
2868,20,2210.99
2872,20,2035.87
2876,20,1876.23
2880,20,1760.79
2884,20,2048.02
2888,20,1903.47
2892,20,2201.56
2896,20,1899.06
2900,20,2008.99
2904,20,2628.84
2908,20,1897.90
2912,20,1931.54
2916,20,2045.29
2920,20,2174.92
2924,20,2235.71
2928,20,0.00
2932,20,2125.53
2936,20,1988.77
2940,20,1767.27
2944,20,1937.29
2948,20,2069.04
2952,20,2157.75
2956,20,2254.90
2960,20,2221.73
2964,20,2175.24
2968,20,2000.77
2972,20,0.00
2976,20,1955.99
2980,20,1855.85
2984,20,2175.76
2988,20,0.00
2992,20,2245.77
2996,20,2178.73
3000,20,2017.15
3004,20,1805.60
3008,20,1974.76
3012,20,2201.38
3016,20,1920.39
3020,20,2032.18
3024,20,2257.73
3028,20,0.00
3032,20,0.00
3036,20,1885.66
3040,20,2000.55
3044,20,2034.52
3048,20,2209.41
3052,20,2043.61
3056,20,2291.16
3060,20,2201.60
3064,20,0.00
3068,20,1898.64
3072,20,0.00
3076,20,1839.78
3080,20,2339.73
3084,20,2279.42
3088,20,2289.64
3092,20,2480.86
3096,20,2026.62
3100,20,1836.39
3104,20,2013.76
3108,20,0.00
3112,20,2414.86
3116,20,2349.11
3120,20,2035.56
3124,20,2175.61
3128,20,2080.28
3132,20,1847.55
3136,20,1880.85
3140,20,1929.67
3144,20,2026.54
3148,20,2322.55
3152,20,2571.34
3156,20,2193.30
3160,20,2044.61
3164,20,1849.46
3168,20,1896.00
3172,20,2159.00
3176,20,2299.91
3180,20,2360.50
3184,20,2014.08
3188,20,2124.94
3192,20,1862.02
3196,20,2008.51
3200,20,2062.47
3204,20,2449.44
3208,20,2068.86
3212,20,2340.70
3216,20,2269.43
3220,20,2133.21
3224,20,2085.30
3228,20,0.00
3232,20,1924.40
3236,20,2198.18
3240,20,2346.78
3244,20,0.00
3248,20,0.00
3252,20,2219.95
3256,20,2199.00
3260,20,1867.93
3264,20,2066.86
3268,20,2462.60
3272,20,2353.68
3276,20,2056.79
3280,20,1975.37
3284,20,2093.47
3288,20,0.00
3292,20,2069.74
3296,20,2178.28
3300,20,2276.42
3304,20,2113.92
3308,20,2314.20
3312,20,2219.34
3316,20,2068.24
3320,20,4436.76
3324,20,2095.01
3328,20,0.00
3332,20,2512.42
3336,20,2395.02
3340,20,2323.63
3344,20,2409.99
3348,20,0.00
3352,20,2090.50
3356,20,1886.54
3360,20,2219.37
3364,20,0.00
3368,20,0.00
3372,20,2238.31
3376,20,2681.95
3380,20,2497.38
3384,20,2065.38
3388,20,1979.19
3392,20,2292.98
3396,20,2677.82
3400,20,2082.95
3404,20,2233.32
3408,20,2132.58
3412,20,2045.07
3416,20,2074.19
3420,20,2121.69
3424,20,2463.38
3428,20,2401.22
3432,20,2334.81
3436,20,2171.45
3440,20,2285.19
3444,20,2043.58
3448,20,2110.68
3452,20,2239.31
3456,20,2397.53
3460,20,0.00
3464,20,2278.49
3468,20,2680.68
3472,20,2655.19
3476,20,2244.16
3480,20,1979.32
3484,20,2291.88
3488,20,2401.55
3492,20,0.00
3496,20,0.00
3500,20,2016.45
3504,20,2084.93
3508,20,1916.63
3512,20,0.00
3516,20,2344.09
3520,20,2129.37
3524,20,0.00
3528,20,2173.54
3532,20,2081.14
3536,20,2035.35
3540,20,1924.26
3544,20,2219.29
3548,20,2612.32
3552,20,2381.83
3556,20,2258.05
3560,20,2157.91
3564,20,2028.20
3568,20,2029.83
3572,20,2273.52
3576,20,2206.44
3580,20,2318.93
3584,20,2434.55
3588,20,0.00
3592,20,2217.95
3596,20,2015.23
3600,20,2030.40
3604,20,2102.05
3608,20,2026.26
3612,20,2349.42
3616,20,2035.40
3620,20,2175.87
3624,20,2071.16
3628,20,1985.92
3632,20,2162.42
3636,20,2203.16
3640,20,2234.31
3644,20,2327.64
3648,20,0.00
3652,20,2269.89
3656,20,0.00
3660,20,0.00
3664,20,1856.92
3668,20,2123.30
3672,20,0.00
3676,20,2289.66
3680,20,2523.51
3684,20,1919.18
3688,20,2003.77
3692,20,0.00
3696,20,0.00
3700,20,2108.83
3704,20,2253.07
3708,20,2043.04
3712,20,2369.90
3716,20,1941.83
3720,20,1990.29
3724,20,4268.75
3728,20,4292.05
3732,20,2096.35
3736,20,2235.62
3740,20,2549.06
3744,20,2510.61
3748,20,0.00
3752,20,1853.19
3756,20,4284.74
3760,20,4399.60
3764,20,2086.68
3768,20,2184.05
3772,20,2266.59
3776,20,0.00
3780,20,2170.54
3784,20,1820.96
3788,20,1930.36
3792,20,1958.14
3796,20,2030.83
3800,20,2143.84
3804,20,2268.03
3808,20,2241.19
3812,20,2405.40
3816,20,2205.72
3820,20,1928.98
3824,20,1939.70
3828,20,2162.83
3832,20,2417.73
3836,20,0.00
3840,20,2075.56
3844,20,2136.70
3848,20,1844.97
3852,20,1876.58
3856,20,0.00
3860,20,2002.32
3864,20,2086.90
3868,20,2521.10
3872,20,2240.76
3876,20,0.00
3880,20,2063.91
3884,20,1940.25
3888,20,1908.66
3892,20,1964.33
3896,20,2132.37
3900,20,2183.41
3904,20,2238.93
3908,20,0.00
3912,20,1854.86
3916,20,1921.03
3920,20,2059.10
3924,20,1956.92
3928,20,2042.81
3932,20,1929.36
3936,20,2196.91
3940,20,2193.72
3944,20,2040.44
3948,20,0.00
3952,20,2184.53
3956,20,1927.85
3960,20,0.00
3964,20,2558.42
3968,20,1972.93
3972,20,2188.56
3976,20,2158.82
3980,20,1959.15
3984,20,1901.76
3988,20,1896.69
3992,20,1812.24
3996,20,2071.81
4000,40,2297.11
4004,40,0.00
4008,40,2125.66
4012,40,1983.11
4016,40,2336.49
4020,40,0.00
4024,40,1927.14
4028,40,2121.93
4032,40,0.00
4036,40,2293.64
4040,40,2240.13
4044,40,2088.89
4048,40,2016.62
4052,40,1979.96
4056,40,2057.65
4060,40,2985.81
4064,40,2355.49
4068,40,0.00
4072,40,1947.38
4076,40,1932.66
4080,40,2040.53
4084,40,4526.28
4088,40,1959.48
4092,40,2510.42
4096,40,2409.66
4100,40,2380.08
4104,40,2267.57
4108,40,2159.68
4112,40,4530.11
4116,40,2125.71
4120,40,2245.76
4124,40,3448.78
4128,40,2758.83
4132,40,0.00
4136,40,2402.05
4140,40,2132.66
4144,40,2021.82
4148,40,2236.42
4152,40,2407.96
4156,40,2525.11
4160,40,2195.78
4164,40,2351.47
4168,40,2586.62
4172,40,2341.47
4176,40,0.00
4180,40,3466.22
4184,40,3451.30
4188,40,2535.83
4192,40,0.00
4196,40,2404.31
4200,40,2240.20
4204,40,2090.31
4208,40,0.00
4212,40,0.00
4216,40,0.00
4220,40,2668.93
4224,40,2573.76
4228,40,2461.55
4232,40,2088.46
4236,40,2401.30
4240,40,2562.86
4244,40,2746.86
4248,40,2510.12
4252,40,2589.78
4256,40,4687.03
4260,40,0.00
4264,40,2591.76
4268,40,2589.09
4272,40,2802.48
4276,40,2607.75
4280,40,2962.05
4284,40,2146.88
4288,40,2139.55
4292,40,0.00
4296,40,3647.56
4300,40,2699.99
4304,40,0.00
4308,40,2306.88
4312,40,2308.85
4316,40,2570.79
4320,40,0.00
4324,40,2739.05
4328,40,3043.46
4332,40,0.00
4336,40,3038.34
4340,40,2347.01
4344,40,2475.48
4348,40,2580.20
4352,40,3058.74
4356,40,3030.78
4360,40,2532.92
4364,40,2386.53
4368,40,2408.34
4372,40,2768.28
4376,40,2739.67
4380,40,3150.71
4384,40,3415.11
4388,40,2486.12
4392,40,2399.46
4396,40,2482.62
4400,40,2871.18
4404,40,2510.05
4408,40,2461.33
4412,40,2630.10
4416,40,0.00
4420,40,0.00
4424,40,0.00
4428,40,3355.30
4432,40,3173.60
4436,40,2727.95
4440,40,2812.58
4444,40,5129.98
4448,40,2515.02
4452,40,2435.55
4456,40,0.00
4460,40,2803.08
4464,40,2924.80
4468,40,0.00
4472,40,2577.23
4476,40,2661.17
4480,40,3122.59
4484,40,2546.31
4488,40,2755.89
4492,40,2319.83
4496,40,0.00
4500,40,2613.19
4504,40,3060.41
4508,40,2934.77
4512,40,2502.49
4516,40,2841.34
4520,40,2291.87
4524,40,2568.29
4528,40,2970.91
4532,40,2945.80
4536,40,3275.71
4540,40,2442.08
4544,40,2543.76
4548,40,2539.72
4552,40,2703.27
4556,40,2890.01
4560,40,3299.30
4564,40,2483.61
4568,40,2593.78
4572,40,2730.14
4576,40,2614.05
4580,40,3101.26
4584,40,2962.58
4588,40,2823.33
4592,40,2397.28
4596,40,2325.46
4600,40,0.00
4604,40,2509.21
4608,40,2988.56
4612,40,3249.75
4616,40,2718.45
4620,40,2784.66
4624,40,2559.44
4628,40,0.00
4632,40,2991.23
4636,40,3676.29
4640,40,3137.18
4644,40,2576.54
4648,40,0.00
4652,40,2942.28
4656,40,3214.45
4660,40,3369.84
4664,40,3102.57
4668,40,2598.12
4672,40,2614.82
4676,40,2883.92
4680,40,2871.84
4684,40,2998.15
4688,40,2859.18
4692,40,2653.96
4696,40,2801.51
4700,40,0.00
4704,40,3071.89
4708,40,3016.13
4712,40,2633.29
4716,40,2918.69
4720,40,2748.69
4724,40,2632.19
4728,40,3052.13
4732,40,3013.12
4736,40,3269.33
4740,40,3049.63
4744,40,2577.92
4748,40,2804.23
4752,40,2758.07
4756,40,3273.34
4760,40,2983.70
4764,40,2503.37
4768,40,0.00
4772,40,2630.03
4776,40,2765.47
4780,40,2955.08
4784,40,2986.34
4788,40,3148.74
4792,40,2887.57
4796,40,2860.71
4800,40,0.00
4804,40,2957.90
4808,40,3030.03
4812,40,2873.65
4816,40,2860.30
4820,40,2789.41
4824,40,2710.20
4828,40,2832.42
4832,40,3384.19
4836,40,2888.14
4840,40,2978.67
4844,40,0.00
4848,40,2909.53
4852,40,2876.18
4856,40,3037.27
4860,40,3232.74
4864,40,3618.04
4868,40,2598.37
4872,40,2608.25
4876,40,3036.06
4880,40,2985.80
4884,40,2597.87
4888,40,2456.94
4892,40,2389.63
4896,40,2670.75
4900,40,3090.99
4904,40,3124.64
4908,40,3345.99
4912,40,3091.71
4916,40,2916.33
4920,40,2617.59
4924,40,3057.13
4928,40,3055.14
4932,40,3318.10
4936,40,3090.83
4940,40,2611.63
4944,40,2628.75
4948,40,0.00
4952,40,2715.21
4956,40,3017.84
4960,40,0.00
4964,40,2549.47
4968,40,2681.92
4972,40,2525.56
4976,40,3356.73
4980,40,3393.90
4984,40,2833.19
4988,40,3121.04
4992,40,2624.42
4996,40,2498.83
5000,40,3254.80
5004,40,3015.09
5008,40,2850.21
5012,40,3581.86
5016,40,3128.94
5020,40,2766.13
5024,40,2993.22
5028,40,2679.30
5032,40,3175.91
5036,40,3127.96
5040,40,2664.28
5044,40,2507.85
5048,40,3276.37
5052,40,3428.57
5056,40,2962.28
5060,40,2658.95
5064,40,2673.18
5068,40,2961.20
5072,40,2967.81
5076,40,3396.80
5080,40,3280.43
5084,40,3375.21
5088,40,2670.61
5092,40,2745.90
5096,40,3203.37
5100,40,2700.84
5104,40,3288.34
5108,40,2719.17
5112,40,2394.93
5116,40,2728.57
5120,40,3208.53
5124,40,0.00
5128,40,3591.45
5132,40,3363.49
5136,40,2829.61
5140,40,2459.26
5144,40,2931.19
5148,40,3067.84
5152,40,3037.77
5156,40,2952.38
5160,40,2603.86
5164,40,2875.08
5168,40,3100.71
5172,40,3043.89
5176,40,2967.85
5180,40,0.00
5184,40,2826.04
5188,40,2535.48
5192,40,2845.27
5196,40,2684.98
5200,40,3268.21
5204,40,2660.60
5208,40,2379.69
5212,40,2616.77
5216,40,3074.15
5220,40,3040.08
5224,40,2993.21
5228,40,3057.68
5232,40,2586.27
5236,40,2597.69
5240,40,0.00
5244,40,3021.71
5248,40,3707.04
5252,40,0.00
5256,40,2867.22
5260,40,0.00
5264,40,2735.45
5268,40,2928.61
5272,40,2603.88
5276,40,2857.96
5280,40,0.00
5284,40,2589.53
5288,40,2619.83
5292,40,3101.26
5296,40,0.00
5300,40,3460.96
5304,40,2962.70
5308,40,2722.73
5312,40,2782.54
5316,40,2981.74
5320,40,0.00
5324,40,2851.68
5328,40,2975.30
5332,40,2737.60
5336,40,2507.46
5340,40,2895.09
5344,40,2567.14
5348,40,3240.15
5352,40,3101.87
5356,40,3099.78
5360,40,2545.42
5364,40,2601.01
5368,40,3052.54
5372,40,0.00
5376,40,2809.33
5380,40,2565.47
5384,40,2519.96
5388,40,2537.34
5392,40,3144.75
5396,40,2897.29
5400,40,3219.47
5404,40,2669.87
5408,40,2497.75
5412,40,0.00
5416,40,2358.55
5420,40,2814.94
5424,40,2881.49
5428,40,3077.48
5432,40,2541.42
5436,40,5126.80
5440,40,5134.36
5444,40,2847.28
5448,40,2862.77
5452,40,3126.96
5456,40,2906.07
5460,40,2448.70
5464,40,2657.29
5468,40,2841.62
5472,40,3078.92
5476,40,3214.06
5480,40,2793.76
5484,40,3154.69
5488,40,2238.49
5492,40,0.00
5496,40,2671.06
5500,40,2876.55
5504,40,3126.79
5508,40,2666.41
5512,40,2488.31
5516,40,2520.28
5520,40,2834.99
5524,40,2811.26
5528,40,2941.05
5532,40,0.00
5536,40,0.00
5540,40,0.00
5544,40,0.00
5548,40,2742.94
5552,40,3206.19
5556,40,3127.98
5560,40,2517.96
5564,40,2879.64
5568,40,2475.39
5572,40,2625.98
5576,40,2516.60
5580,40,3171.85
5584,40,2674.73
5588,40,2734.02
5592,40,2636.24
5596,40,2553.82
5600,40,2982.81
5604,40,3113.70
5608,40,3115.49
5612,40,3151.56
5616,40,2561.75
5620,40,0.00
5624,40,2809.64
5628,40,0.00
5632,40,2832.36
5636,40,2828.90
5640,40,2709.49
5644,40,2415.57
5648,40,0.00
5652,40,2717.07
5656,40,2830.46
5660,40,0.00
5664,40,2564.74
5668,40,2425.07
5672,40,2629.34
5676,40,2594.15
5680,40,2769.47
5684,40,2847.76
5688,40,2678.62
5692,40,2493.65
5696,40,2458.46
5700,40,2473.56
5704,40,2626.74
5708,40,2814.73
5712,40,2695.89
5716,40,2616.27
5720,40,2415.31
5724,40,2444.23
5728,40,2591.38
5732,40,3032.54
5736,40,3174.69
5740,40,2703.48
5744,40,2786.90
5748,40,2899.91
5752,40,2484.56
5756,40,2637.99
5760,40,2511.98
5764,40,2477.64
5768,40,2629.19
5772,40,2460.29
5776,40,2249.26
5780,40,0.00
5784,40,2778.96
5788,40,2861.50
5792,40,2712.14
5796,40,3403.48
5800,40,2636.92
5804,40,2689.55
5808,40,2896.50
5812,40,2862.01
5816,40,0.00
5820,40,0.00
5824,40,2470.71
5828,40,2313.62
5832,40,2550.93
5836,40,2465.34
5840,40,0.00
5844,40,2730.74
5848,40,2805.65
5852,40,2645.00
5856,40,2708.69
5860,40,2913.20
5864,40,2877.30
5868,40,2492.20
5872,40,0.00
5876,40,2465.78
5880,40,2491.39
5884,40,2857.57
5888,40,3104.58
5892,40,3234.39
5896,40,3174.65
5900,40,2552.55
5904,40,2452.24
5908,40,2517.07
5912,40,2772.85
5916,40,2542.13
5920,40,2818.11
5924,40,2650.62
5928,40,2721.92
5932,40,2703.04
5936,40,2717.43
5940,40,3859.61
5944,40,2746.28
5948,40,0.00
5952,40,0.00
5956,40,2621.87
5960,40,2791.89
5964,40,2756.48
5968,40,0.00
5972,40,2766.50
5976,40,2572.35
5980,40,2743.12
5984,40,2784.68
5988,40,3158.68
5992,40,2571.17
5996,40,2521.30
6000,60,2933.26
6004,60,2672.94
6008,60,2555.75
6012,60,2901.58
6016,60,3846.69
6020,60,0.00
6024,60,2797.97
6028,60,3233.67
6032,60,2577.51
6036,60,2857.68
6040,60,4154.37
6044,60,2633.85
6048,60,2865.82
6052,60,3588.31
6056,60,2610.52
6060,60,2846.23
6064,60,3892.75
6068,60,0.00
6072,60,3083.93
6076,60,3772.30
6080,60,2620.00
6084,60,2712.07
6088,60,2626.54
6092,60,3137.14
6096,60,3428.66
6100,60,3779.80
6104,60,2989.64
6108,60,2786.84
6112,60,4522.94
6116,60,3344.43
6120,60,3065.38
6124,60,3102.54
6128,60,2754.71
6132,60,3126.36
6136,60,3185.89
6140,60,3273.26
6144,60,3471.39
6148,60,3362.43
6152,60,3048.06
6156,60,3021.59
6160,60,3887.18
6164,60,0.00
6168,60,3249.21
6172,60,2915.98
6176,60,3163.26
6180,60,3212.76
6184,60,3379.39
6188,60,3600.52
6192,60,0.00
6196,60,2925.44
6200,60,3093.15
6204,60,3659.69
6208,60,3368.56
6212,60,3239.76
6216,60,2929.18
6220,60,3211.91
6224,60,3276.38
6228,60,3452.29
6232,60,3261.00
6236,60,3678.79
6240,60,2751.10
6244,60,3405.48
6248,60,3582.79
6252,60,3842.62
6256,60,3403.87
6260,60,3267.66
6264,60,3221.32
6268,60,3304.67
6272,60,3872.38
6276,60,4034.78
6280,60,3988.12
6284,60,3193.81
6288,60,3427.00
6292,60,3458.24
6296,60,3775.62
6300,60,3401.13
6304,60,3185.89
6308,60,3291.91
6312,60,3709.28
6316,60,0.00
6320,60,2838.90
6324,60,3666.45
6328,60,2969.40
6332,60,3230.44
6336,60,3478.11
6340,60,3727.60
6344,60,3663.73
6348,60,3450.34
6352,60,0.00
6356,60,3413.03
6360,60,3759.13
6364,60,3408.93
6368,60,3302.66
6372,60,2805.71
6376,60,3363.43
6380,60,4368.78
6384,60,3665.71
6388,60,3360.44
6392,60,3083.61
6396,60,3578.00
6400,60,3978.94
6404,60,3877.37
6408,60,3807.26
6412,60,3064.41
6416,60,3473.25
6420,60,3908.90
6424,60,3948.38
6428,60,3455.70
6432,60,3055.77
6436,60,3332.59
6440,60,3382.04
6444,60,3560.58
6448,60,3291.79
6452,60,3011.79
6456,60,3341.16
6460,60,3587.86
6464,60,3550.78
6468,60,3374.76
6472,60,3744.06
6476,60,3008.78
6480,60,3225.98
6484,60,3533.48
6488,60,3883.51
6492,60,3729.55
6496,60,3065.95
6500,60,3400.17
6504,60,3455.09
6508,60,0.00
6512,60,0.00
6516,60,3014.94
6520,60,0.00
6524,60,3395.66
6528,60,3564.49
6532,60,0.00
6536,60,3082.49
6540,60,3055.58
6544,60,3599.72
6548,60,3588.65
6552,60,0.00
6556,60,4157.61
6560,60,3101.62
6564,60,3554.58
6568,60,4327.81
6572,60,4400.04
6576,60,3631.67
6580,60,3101.84
6584,60,3527.25
6588,60,3524.41
6592,60,4039.84
6596,60,3660.84
6600,60,3330.16
6604,60,3393.42
6608,60,3793.23
6612,60,4072.47
6616,60,3362.46
6620,60,3815.59
6624,60,3096.05
6628,60,3361.38
6632,60,3621.75
6636,60,3858.92
6640,60,4136.71
6644,60,3418.52
6648,60,3854.83
6652,60,3899.37
6656,60,3561.75
6660,60,3880.19
6664,60,3383.87
6668,60,3003.31
6672,60,3625.56
6676,60,3966.77
6680,60,3942.51
6684,60,2814.80
6688,60,3476.69
6692,60,3532.98
6696,60,4055.57
6700,60,4089.30
6704,60,0.00
6708,60,0.00
6712,60,4146.03
6716,60,4050.52
6720,60,3762.76
6724,60,3084.60
6728,60,3400.04
6732,60,3956.99
6736,60,3913.06
6740,60,4172.73
6744,60,4136.66
6748,60,3716.31
6752,60,3944.06
6756,60,4035.27
6760,60,3434.32
6764,60,3821.43
6768,60,3125.44
6772,60,3572.72
6776,60,3600.41
6780,60,4415.87
6784,60,3831.63
6788,60,3322.13
6792,60,3194.95
6796,60,3501.87
6800,60,4456.15
6804,60,3632.39
6808,60,2779.85
6812,60,3102.95
6816,60,3724.21
6820,60,3594.90
6824,60,3330.13
6828,60,3057.58
6832,60,3052.39
6836,60,3342.71
6840,60,4624.44
6844,60,4429.70
6848,60,3683.31
6852,60,3362.99
6856,60,3796.74
6860,60,3570.27
6864,60,4277.14
6868,60,3418.50
6872,60,3110.37
6876,60,2904.53
6880,60,3848.55
6884,60,3534.30
6888,60,3220.12
6892,60,3291.20
6896,60,3103.02
6900,60,3733.14
6904,60,3993.69
6908,60,4408.77
6912,60,3026.99
6916,60,3063.12
6920,60,3313.56
6924,60,4355.01
6928,60,4393.02
6932,60,2804.40
6936,60,3091.27
6940,60,3774.40
6944,60,4122.17
6948,60,4393.77
6952,60,3142.72
6956,60,3296.30
6960,60,3417.53
6964,60,4105.42
6968,60,4019.09
6972,60,3223.97
6976,60,3549.08
6980,60,3350.58
6984,60,3419.52
6988,60,4443.92
6992,60,3730.65
6996,60,0.00
7000,60,3001.36
7004,60,3610.33
7008,60,3996.05
7012,60,3829.23
7016,60,3806.45
7020,60,3087.69
7024,60,3771.91
7028,60,3561.34
7032,60,3465.33
7036,60,4168.37
7040,60,3083.92
7044,60,3420.23
7048,60,3472.48
7052,60,4411.20
7056,60,3600.76
7060,60,3638.90
7064,60,3555.94
7068,60,3704.32
7072,60,3550.72
7076,60,3360.11
7080,60,3755.71
7084,60,3333.04
7088,60,3857.00
7092,60,3963.06
7096,60,3880.13
7100,60,4104.70
7104,60,3062.43
7108,60,3401.52
7112,60,3764.37
7116,60,3499.86
7120,60,3466.25
7124,60,2814.36
7128,60,3397.89
7132,60,3391.20
7136,60,3553.40
7140,60,3911.75
7144,60,3586.12
7148,60,3060.70
7152,60,3587.57
7156,60,3568.44
7160,60,3906.52
7164,60,3392.76
7168,60,3336.63
7172,60,3242.47
7176,60,4295.54
7180,60,3904.85
7184,60,0.00
7188,60,2812.22
7192,60,3407.06
7196,60,4141.02
7200,60,4403.90
7204,60,0.00
7208,60,3604.59
7212,60,3313.08
7216,60,3966.73
7220,60,4423.18
7224,60,3811.88
7228,60,3349.35
7232,60,3386.48
7236,60,3600.88
7240,60,0.00
7244,60,4106.41
7248,60,3389.45
7252,60,3555.59
7256,60,2879.78
7260,60,3036.78
7264,60,3499.72
7268,60,3572.28
7272,60,3329.50
7276,60,3393.18
7280,60,3996.12
7284,60,3538.81
7288,60,3943.28
7292,60,3014.66
7296,60,3279.41
7300,60,3847.85
7304,60,3553.98
7308,60,3368.63
7312,60,2804.29
7316,60,3113.20
7320,60,3747.26
7324,60,3899.67
7328,60,3446.59
7332,60,3473.66
7336,60,3058.59
7340,60,3767.74
7344,60,4145.18
7348,60,3493.15
7352,60,3294.61
7356,60,3562.64
7360,60,3563.90
7364,60,3718.52
7368,60,0.00
7372,60,3511.03
7376,60,3725.88
7380,60,3034.06
7384,60,3447.80
7388,60,3534.31
7392,60,3052.02
7396,60,4128.92
7400,60,3002.12
7404,60,3137.51
7408,60,3785.99
7412,60,3492.44
7416,60,3596.26
7420,60,3263.21
7424,60,3314.06
7428,60,3673.01
7432,60,3962.07
7436,60,3689.90
7440,60,3747.99
7444,60,3024.50
7448,60,3578.46
7452,60,3539.76
7456,60,3934.53
7460,60,3780.03
7464,60,2978.71
7468,60,0.00
7472,60,3669.17
7476,60,4311.53
7480,60,3445.73
7484,60,3051.19
7488,60,3065.47
7492,60,3683.12
7496,60,3534.41
7500,60,4113.99
7504,60,0.00
7508,60,3059.88
7512,60,3876.73
7516,60,3961.48
7520,60,4244.51
7524,60,0.00
7528,60,3302.99
7532,60,3499.12
7536,60,3905.26
7540,60,4323.86
7544,60,3452.95
7548,60,2983.51
7552,60,3402.19
7556,60,3704.00
7560,60,3866.74
7564,60,0.00
7568,60,3267.56
7572,60,3271.03
7576,60,3565.92
7580,60,3948.76
7584,60,0.00
7588,60,3313.18
7592,60,3064.45
7596,60,3223.48
7600,60,3897.79
7604,60,3433.89
7608,60,0.00
7612,60,3040.99
7616,60,3143.45
7620,60,4126.56
7624,60,3930.97
7628,60,3278.42
7632,60,3269.26
7636,60,3322.10
7640,60,3575.28
7644,60,3898.25
7648,60,3775.48
7652,60,3873.30
7656,60,3316.77
7660,60,3238.46
7664,60,3535.46
7668,60,4481.39
7672,60,3107.04
7676,60,0.00
7680,60,0.00
7684,60,3817.10
7688,60,3487.96
7692,60,3191.97
7696,60,3768.80
7700,60,3090.30
7704,60,4011.06
7708,60,3975.61
7712,60,3372.97
7716,60,3532.45
7720,60,2784.98
7724,60,3598.02
7728,60,3986.53
7732,60,3900.64
7736,60,4140.76
7740,60,2748.49
7744,60,0.00
7748,60,5010.03
7752,60,3922.67
7756,60,3466.88
7760,60,3005.70
7764,60,3342.72
7768,60,3396.86
7772,60,3558.06
7776,60,4131.42
7780,60,3284.51
7784,60,3113.59
7788,60,3598.70
7792,60,4341.22
7796,60,4511.21
7800,60,3340.74
7804,60,3015.66
7808,60,3505.37
7812,60,3563.09
7816,60,3904.76
7820,60,4161.68
7824,60,3022.97
7828,60,3416.94
7832,60,3477.30
7836,60,4414.08
7840,60,3600.55
7844,60,3289.21
7848,60,3103.93
7852,60,3411.63
7856,60,4428.28
7860,60,3712.89
7864,60,3349.67
7868,60,3053.35
7872,60,3687.82
7876,60,4009.53
7880,60,3384.38
7884,60,3764.94
7888,60,3533.35
7892,60,3628.84
7896,60,3569.81
7900,60,4374.67
7904,60,3489.18
7908,60,3047.82
7912,60,3589.17
7916,60,3831.28
7920,60,4424.13
7924,60,3733.42
7928,60,3497.46
7932,60,3349.13
7936,60,4050.86
7940,60,4010.42
7944,60,3324.08
7948,60,3794.50
7952,60,3293.03
7956,60,3637.59
7960,60,4015.83
7964,60,4279.96
7968,60,3421.25
7972,60,3551.73
7976,60,3534.51
7980,60,3942.57
7984,60,3470.81
7988,60,3888.70
7992,60,3039.96
7996,60,3584.21
8000,80,3849.60
8004,80,4437.71
8008,80,3643.80
8012,80,3612.71
8016,80,3125.43
8020,80,4094.30
8024,80,3629.44
8028,80,3796.11
8032,80,3677.24
8036,80,3430.36
8040,80,5081.81
8044,80,3678.10
8048,80,4375.41
8052,80,3778.83
8056,80,3229.97
8060,80,4032.87
8064,80,4540.81
8068,80,3975.21
8072,80,3946.04
8076,80,3458.64
8080,80,3472.16
8084,80,4604.70
8088,80,4505.33
8092,80,4313.60
8096,80,3487.95
8100,80,3834.47
8104,80,5153.36
8108,80,3602.14
8112,80,3565.87
8116,80,3532.08
8120,80,3546.56
8124,80,4296.53
8128,80,4581.81
8132,80,4369.82
8136,80,3681.54
8140,80,4195.74
8144,80,4570.71
8148,80,3660.88
8152,80,3808.99
8156,80,3807.56
8160,80,4340.27
8164,80,4353.96
8168,80,4514.95
8172,80,3582.23
8176,80,3650.06
8180,80,4400.98
8184,80,5128.39
8188,80,4327.18
8192,80,4399.60
8196,80,3411.28
8200,80,4208.89
8204,80,4847.97
8208,80,4299.37
8212,80,3303.50
8216,80,4058.44
8220,80,4707.14
8224,80,4802.78
8228,80,4122.46
8232,80,3900.65
8236,80,4170.30
8240,80,4739.63
8244,80,4680.56
8248,80,4041.56
8252,80,3632.96
8256,80,4288.55
8260,80,4826.80
8264,80,3723.02
8268,80,4035.83
8272,80,3905.93
8276,80,4125.45
8280,80,4438.09
8284,80,4116.62
8288,80,4146.02
8292,80,4224.61
8296,80,4120.32
8300,80,4676.46
8304,80,4298.14
8308,80,3934.04
8312,80,3802.18
8316,80,4735.01
8320,80,4325.98
8324,80,4560.62
8328,80,3637.71
8332,80,3913.14
8336,80,4775.51
8340,80,4243.51
8344,80,4162.86
8348,80,3954.20
8352,80,4330.85
8356,80,4447.10
8360,80,4131.77
8364,80,4159.57
8368,80,3721.21
8372,80,4162.05
8376,80,4461.29
8380,80,4612.47
8384,80,5532.73
8388,80,3828.25
8392,80,4667.30
8396,80,4443.46
8400,80,3881.63
8404,80,3649.49
8408,80,3945.48
8412,80,4803.60
8416,80,4421.27
8420,80,4176.68
8424,80,3854.01
8428,80,4335.62
8432,80,3974.47
8436,80,4937.29
8440,80,4070.16
8444,80,3724.26
8448,80,4142.74
8452,80,4921.94
8456,80,4804.09
8460,80,4162.99
8464,80,3715.59
8468,80,4526.28
8472,80,4914.50
8476,80,4514.35
8480,80,3955.93
8484,80,4075.89
8488,80,4368.31
8492,80,4859.42
8496,80,4171.41
8500,80,4010.92
8504,80,4346.96
8508,80,4813.06
8512,80,4723.91
8516,80,4068.62
8520,80,3637.51
8524,80,3994.93
8528,80,5115.97
8532,80,4405.43
8536,80,4431.90
8540,80,5861.40
8544,80,4126.62
8548,80,4437.28
8552,80,4090.19
8556,80,3789.78
8560,80,3932.44
8564,80,4600.36
8568,80,4891.79
8572,80,4678.53
8576,80,3439.67
8580,80,4042.56
8584,80,4726.74
8588,80,4319.31
8592,80,4534.74
8596,80,3984.59
8600,80,4281.32
8604,80,4802.55
8608,80,4217.53
8612,80,4051.52
8616,80,5521.42
8620,80,3986.36
8624,80,4433.69
8628,80,4543.78
8632,80,3626.41
8636,80,3799.52
8640,80,4120.83
8644,80,4890.23
8648,80,4581.44
8652,80,4018.56
8656,80,3956.83
8660,80,4474.17
8664,80,4876.14
8668,80,4282.92
8672,80,3878.09
8676,80,4347.88
8680,80,3922.24
8684,80,4818.00
8688,80,4155.52
8692,80,3312.26
8696,80,4165.54
8700,80,4773.37
8704,80,4683.39
8708,80,3683.30
8712,80,3743.43
8716,80,4243.27
8720,80,3930.51
8724,80,4588.13
8728,80,4123.91
8732,80,3357.72
8736,80,4380.37
8740,80,4919.33
8744,80,4102.59
8748,80,3453.34
8752,80,3806.31
8756,80,4439.92
8760,80,4619.46
8764,80,4286.31
8768,80,3925.41
8772,80,4065.33
8776,80,4288.30
8780,80,4788.40
8784,80,4155.30
8788,80,3616.84
8792,80,3894.06
8796,80,4746.38
8800,80,4275.30
8804,80,3996.23
8808,80,3738.23
8812,80,3981.26
8816,80,4826.99
8820,80,4220.11
8824,80,4022.21
8828,80,3469.70
8832,80,3962.31
8836,80,4622.39
8840,80,4566.45
8844,80,3612.95
8848,80,3720.20
8852,80,4460.93
8856,80,4832.04
8860,80,4427.09
8864,80,3874.58
8868,80,4035.20
8872,80,4219.07
8876,80,4847.71
8880,80,4229.12
8884,80,3872.49
8888,80,3741.89
8892,80,3904.83
8896,80,4796.86
8900,80,4148.44
8904,80,3629.14
8908,80,4153.52
8912,80,4996.29
8916,80,4178.82
8920,80,4019.93
8924,80,3724.07
8928,80,3967.56
8932,80,4783.28
8936,80,4324.78
8940,80,3649.37
8944,80,3710.15
8948,80,4236.40
8952,80,4381.44
8956,80,4073.05
8960,80,3995.79
8964,80,3670.81
8968,80,4411.31
8972,80,5267.60
8976,80,4285.19
8980,80,3870.67
8984,80,4022.10
8988,80,4215.11
8992,80,4841.72
8996,80,4398.96
9000,80,3862.30
9004,80,3727.07
9008,80,4680.44
9012,80,4796.69
9016,80,4129.96
9020,80,3301.29
9024,80,3859.05
9028,80,4704.31
9032,80,4759.86
9036,80,4040.18
9040,80,3410.00
9044,80,3937.51
9048,80,4777.54
9052,80,4671.76
9056,80,4103.44
9060,80,3704.76
9064,80,3947.84
9068,80,4342.75
9072,80,4389.98
9076,80,3919.26
9080,80,3755.62
9084,80,4398.93
9088,80,4827.05
9092,80,4539.36
9096,80,3903.34
9100,80,3946.48
9104,80,4380.24
9108,80,4332.22
9112,80,3498.14
9116,80,3392.71
9120,80,3448.90
9124,80,4203.66
9128,80,4831.83
9132,80,4225.11
9136,80,3695.62
9140,80,4012.22
9144,80,4681.30
9148,80,4803.42
9152,80,4147.29
9156,80,3598.75
9160,80,3867.83
9164,80,4401.53
9168,80,4185.80
9172,80,4031.41
9176,80,3451.09
9180,80,4265.13
9184,80,4398.68
9188,80,4740.05
9192,80,4099.30
9196,80,3614.23
9200,80,3942.46
9204,80,4401.91
9208,80,4569.77
9212,80,3945.75
9216,80,3681.71
9220,80,4438.07
9224,80,4831.77
9228,80,4414.02
9232,80,3599.68
9236,80,3759.81
9240,80,4216.28
9244,80,4857.74
9248,80,3819.06
9252,80,3419.55
9256,80,3752.97
9260,80,4320.59
9264,80,4812.09
9268,80,4144.19
9272,80,3928.42
9276,80,3906.47
9280,80,4313.24
9284,80,4197.54
9288,80,4042.27
9292,80,3909.05
9296,80,4209.86
9300,80,4406.92
9304,80,4197.52
9308,80,3935.03
9312,80,3896.43
9316,80,6154.78
9320,80,4417.18
9324,80,4615.19
9328,80,3948.83
9332,80,3676.67
9336,80,4235.17
9340,80,4387.77
9344,80,4298.81
9348,80,3437.98
9352,80,4093.84
9356,80,4968.41
9360,80,4680.19
9364,80,4169.84
9368,80,3617.65
9372,80,3915.45
9376,80,4365.03
9380,80,4698.37
9384,80,3691.04
9388,80,3646.78
9392,80,4312.62
9396,80,4836.06
9400,80,4703.75
9404,80,3701.84
9408,80,5794.33
9412,80,4469.55
9416,80,4431.68
9420,80,4768.49
9424,80,3765.32
9428,80,3806.70
9432,80,4224.97
9436,80,4892.93
9440,80,4289.48
9444,80,3982.27
9448,80,4110.09
9452,80,3815.66
9456,80,4635.00
9460,80,4165.38
9464,80,3597.48
9468,80,3877.52
9472,80,4719.19
9476,80,4276.76
9480,80,4077.56
9484,80,3506.92
9488,80,4193.82
9492,80,4387.52
9496,80,4674.27
9500,80,4027.96
9504,80,5408.46
9508,80,3596.41
9512,80,4345.64
9516,80,4305.14
9520,80,3572.45
9524,80,3363.13
9528,80,4389.26
9532,80,4350.29
9536,80,4504.18
9540,80,4069.50
9544,80,3892.73
9548,80,4369.54
9552,80,4760.60
9556,80,4441.09
9560,80,3824.40
9564,80,3591.46
9568,80,4139.48
9572,80,4749.42
9576,80,4315.19
9580,80,3638.47
9584,80,3678.60
9588,80,4134.13
9592,80,4749.94
9596,80,4307.69
9600,80,3233.39
9604,80,3951.70
9608,80,4115.77
9612,80,4400.14
9616,80,4286.30
9620,80,3822.74
9624,80,3659.94
9628,80,4325.94
9632,80,4188.67
9636,80,4407.89
9640,80,5007.28
9644,80,3606.44
9648,80,3827.12
9652,80,4710.30
9656,80,4040.92
9660,80,3522.13
9664,80,3791.93
9668,80,4239.71
9672,80,4698.06
9676,80,4524.97
9680,80,3758.46
9684,80,3802.70
9688,80,4731.22
9692,80,4667.91
9696,80,3658.27
9700,80,3354.47
9704,80,3774.44
9708,80,4296.19
9712,80,4103.27
9716,80,4039.84
9720,80,3545.30
9724,80,3891.71
9728,80,4301.58
9732,80,4575.82
9736,80,3971.50
9740,80,3554.13
9744,80,4199.06
9748,80,4307.75
9752,80,4583.83
9756,80,3911.49
9760,80,3292.48
9764,80,3886.09
9768,80,4384.22
9772,80,4497.06
9776,80,4031.37
9780,80,3611.73
9784,80,4046.24
9788,80,4793.46
9792,80,4640.07
9796,80,3697.00
9800,80,4019.94
9804,80,4342.86
9808,80,4763.74
9812,80,3475.37
9816,80,3825.09
9820,80,3990.25
9824,80,4170.35
9828,80,4794.56
9832,80,3945.08
9836,80,3386.93
9840,80,3439.44
9844,80,4416.16
9848,80,4722.35
9852,80,3796.37
9856,80,3675.53
9860,80,4128.96
9864,80,4696.53
9868,80,4776.63
9872,80,4470.32
9876,80,3975.74
9880,80,4292.21
9884,80,3891.94
9888,80,4158.26
9892,80,4009.49
9896,80,3583.58
9900,80,3941.22
9904,80,3880.32
9908,80,4143.24
9912,80,3675.34
9916,80,3691.77
9920,80,4212.99
9924,80,4800.47
9928,80,4520.53
9932,80,3917.19
9936,80,3749.45
9940,80,4388.42
9944,80,4833.90
9948,80,4837.68
9952,80,3895.67
9956,80,3887.74
9960,80,4035.13
9964,80,4679.31
9968,80,4381.20
9972,80,3557.38
9976,80,4007.28
9980,80,4543.78
9984,80,4819.93
9988,80,3789.21
9992,80,3682.81
9996,80,3978.59
10000,100,4657.68
10004,100,4772.20
10008,100,4107.54
10012,100,3697.05
10016,100,4143.24
10020,100,4707.91
10024,100,4765.61
10028,100,4051.18
10032,100,3785.47
10036,100,4162.80
10040,100,4813.98
10044,100,4700.41
10048,100,4026.54
10052,100,3897.45
10056,100,4275.14
10060,100,4749.32
10064,100,4592.20
10068,100,3966.85
10072,100,3747.03
10076,100,4451.44
10080,100,4853.41
10084,100,4448.03
10088,100,3740.32
10092,100,4065.62
10096,100,4603.49
10100,100,5424.38
10104,100,4165.73
10108,100,3935.71
10112,100,4200.99
10116,100,4782.79
10120,100,5199.32
10124,100,4117.42
10128,100,3778.14
10132,100,4335.53
10136,100,4876.66
10140,100,5184.55
10144,100,4058.30
10148,100,3883.45
10152,100,4506.83
10156,100,4948.30
10160,100,4612.74
10164,100,4002.10
10168,100,3994.89
10172,100,4656.87
10176,100,4953.86
10180,100,4317.62
10184,100,3713.44
10188,100,4073.87
10192,100,4809.68
10196,100,4890.39
10200,100,4189.29
10204,100,3849.00
10208,100,4355.82
10212,100,4901.90
10216,100,5216.62
10220,100,4048.88
10224,100,3977.39
10228,100,4515.28
10232,100,4968.02
10236,100,4630.24
10240,100,4117.01
10244,100,4119.08
10248,100,4659.38
10252,100,4946.73
10256,100,4314.21
10260,100,3789.03
10264,100,4241.28
10268,100,4825.30
10272,100,5294.88
10276,100,4113.89
10280,100,3985.72
10284,100,4366.07
10288,100,4908.62
10292,100,4631.66
10296,100,4026.90
10300,100,4026.07
10304,100,4515.31
10308,100,4958.12
10312,100,4416.40
10316,100,3774.74
10320,100,4105.59
10324,100,4645.24
10328,100,5171.21
10332,100,4198.87
10336,100,3954.30
10340,100,4221.73
10344,100,4789.04
10348,100,5337.31
10352,100,4082.77
10356,100,3790.08
10360,100,4335.87
10364,100,4870.03
10368,100,5257.64
10372,100,4043.15
10376,100,3912.86
10380,100,4490.80
10384,100,4952.16
10388,100,4982.92
10392,100,3776.32
10396,100,3824.56
10400,100,4470.06
10404,100,4914.25
10408,100,4515.42
10412,100,3756.59
10416,100,4079.81
10420,100,4642.24
10424,100,4861.46
10428,100,4360.23
10432,100,3939.70
10436,100,4202.91
10440,100,4704.69
10444,100,4768.81
10448,100,4312.25
10452,100,3952.92
10456,100,4493.51
10460,100,4958.14
10464,100,4651.52
10468,100,4007.85
10472,100,4005.71
10476,100,4633.36
10480,100,4940.42
10484,100,4340.85
10488,100,3945.59
10492,100,4093.00
10496,100,4776.59
10500,100,4896.43
10504,100,4306.48
10508,100,3950.10
10512,100,4221.40
10516,100,4676.97
10520,100,4783.64
10524,100,4090.20
10528,100,3957.19
10532,100,4484.60
10536,100,4961.77
10540,100,4643.44
10544,100,3993.11
10548,100,3986.43
10552,100,4610.37
10556,100,4914.52
10560,100,4320.72
10564,100,4155.50
10568,100,4365.43
10572,100,4726.95
10576,100,4835.12
10580,100,4276.60
10584,100,3904.96
10588,100,4161.37
10592,100,4744.37
10596,100,4660.44
10600,100,4035.67
10604,100,3890.79
10608,100,4258.85
10612,100,4771.11
10616,100,4660.43
10620,100,3977.57
10624,100,3851.38
10628,100,4210.83
10632,100,4793.94
10636,100,4518.21
10640,100,3903.37
10644,100,3896.93
10648,100,4383.45
10652,100,4814.77
10656,100,4596.02
10660,100,3891.70
10664,100,4169.22
10668,100,4674.97
10672,100,4751.90
10676,100,4355.09
10680,100,3667.40
10684,100,3983.46
10688,100,4522.40
10692,100,4798.11
10696,100,4242.28
10700,100,4005.98
10704,100,4023.60
10708,100,4706.54
10712,100,4731.28
10716,100,4101.45
10720,100,3694.10
10724,100,4134.04
10728,100,4695.28
10732,100,4775.39
10736,100,4094.87
10740,100,3688.21
10744,100,4132.89
10748,100,4769.76
10752,100,4691.49
10756,100,4028.68
10760,100,3750.13
10764,100,4283.56
10768,100,4895.21
10772,100,4556.85
10776,100,3956.85
10780,100,3792.19
10784,100,4447.97
10788,100,4883.84
10792,100,4562.31
10796,100,3753.46
10800,100,3801.52
10804,100,4493.02
10808,100,4882.73
10812,100,4318.30
10816,100,3902.74
10820,100,4042.56
10824,100,4722.16
10828,100,4827.66
10832,100,4170.94
10836,100,3734.11
10840,100,4168.58
10844,100,4961.12
10848,100,4572.91
10852,100,4048.22
10856,100,3750.13
10860,100,4293.34
10864,100,4820.28
10868,100,4686.46
10872,100,3937.83
10876,100,3725.27
10880,100,4246.07
10884,100,4893.68
10888,100,4589.85
10892,100,3751.76
10896,100,3782.73
10900,100,4562.42
10904,100,4853.98
10908,100,4256.46
10912,100,3889.02
10916,100,4033.03
10920,100,4557.66
10924,100,4758.57
10928,100,4123.61
10932,100,3888.98
10936,100,4152.02
10940,100,4701.20
10944,100,4784.52
10948,100,4234.28
10952,100,3850.82
10956,100,4110.19
10960,100,4730.41
10964,100,4647.82
10968,100,3998.82
10972,100,3862.73
10976,100,4223.15
10980,100,4744.14
10984,100,4818.60
10988,100,3954.42
10992,100,3824.27
10996,100,4187.28
11000,100,4769.23
11004,100,4487.95
11008,100,3878.84
11012,100,3870.44
11016,100,4345.13
11020,100,4769.17
11024,100,4473.66
11028,100,3874.88
11032,100,3876.85
11036,100,4350.34
11040,100,4899.00
11044,100,4467.03
11048,100,3706.15
11052,100,3734.97
11056,100,4486.70
11060,100,4789.98
11064,100,4352.83
11068,100,3870.65
11072,100,3974.61
11076,100,4495.51
11080,100,4774.21
11084,100,4165.97
11088,100,3817.20
11092,100,4252.03
11096,100,4469.82
11100,100,4687.11
11104,100,4076.71
11108,100,3841.21
11112,100,3921.83
11116,100,4634.57
11120,100,4717.89
11124,100,4078.72
11128,100,3837.17
11132,100,4098.10
11136,100,4655.04
11140,100,4702.84
11144,100,4043.06
11148,100,3832.96
11152,100,4092.68
11156,100,4582.61
11160,100,4647.45
11164,100,4011.80
11168,100,3878.58
11172,100,4239.98
11176,100,4793.94
11180,100,4620.34
11184,100,3943.49
11188,100,3804.07
11192,100,4311.44
11196,100,4796.37
11200,100,4509.19
11204,100,3905.00
11208,100,3909.07
11212,100,4393.48
11216,100,5104.57
11220,100,4510.42
11224,100,3995.65
11228,100,3914.75
11232,100,4555.53
11236,100,4841.51
11240,100,4250.86
11244,100,3965.11
11248,100,4225.93
11252,100,4537.96
11256,100,4570.79
11260,100,4132.78
11264,100,3713.53
11268,100,4156.53
11272,100,4716.10
11276,100,4765.61
11280,100,4053.18
11284,100,3598.63
11288,100,4146.27
11292,100,4801.73
11296,100,4679.26
11300,100,4282.45
11304,100,3879.40
11308,100,4241.61
11312,100,4834.29
11316,100,4564.25
11320,100,3941.71
11324,100,3780.50
11328,100,4432.31
11332,100,4914.81
11336,100,4529.73
11340,100,3945.77
11344,100,3921.33
11348,100,4588.91
11352,100,4863.44
11356,100,4386.65
11360,100,3713.04
11364,100,4038.12
11368,100,4727.38
11372,100,4824.55
11376,100,4169.80
11380,100,3744.77
11384,100,4196.45
11388,100,4742.30
11392,100,4471.98
11396,100,4065.16
11400,100,3781.72
11404,100,4328.47
11408,100,5114.31
11412,100,4405.20
11416,100,4005.71
11420,100,3839.24
11424,100,4496.39
11428,100,5350.41
11432,100,4237.58
11436,100,3778.79
11440,100,4110.19
11444,100,4662.98
11448,100,4860.38
11452,100,4210.68
11456,100,3973.22
11460,100,4238.78
11464,100,4821.84
11468,100,4700.98
11472,100,4108.12
11476,100,3983.62
11480,100,4368.50
11484,100,5292.77
11488,100,4668.97
11492,100,4091.25
11496,100,4030.76
11500,100,4531.73
11504,100,4933.51
11508,100,4526.68
11512,100,3828.18
11516,100,4125.58
11520,100,4918.81
11524,100,4674.57
11528,100,4224.52
11532,100,3977.33
11536,100,4269.45
11540,100,4885.18
11544,100,4786.97
11548,100,4113.45
11552,100,4038.80
11556,100,4755.69
11560,100,4870.49
11564,100,4672.43
11568,100,4059.28
11572,100,4326.31
11576,100,4653.39
11580,100,4973.88
11584,100,4520.04
11588,100,4000.10
11592,100,4109.10
11596,100,4762.65
11600,100,4912.57
11604,100,4478.62
11608,100,3966.88
11612,100,4351.14
11616,100,4917.99
11620,100,4795.65
11624,100,4096.71
11628,100,3965.71
11632,100,4386.76
11636,100,4974.55
11640,100,5040.52
11644,100,4014.26
11648,100,4065.64
11652,100,4676.78
11656,100,4959.99
11660,100,4334.93
11664,100,3717.79
11668,100,4084.30
11672,100,4815.70
11676,100,4939.50
11680,100,4192.18
11684,100,3801.12
11688,100,4360.66
11692,100,4895.86
11696,100,5370.78
11700,100,4012.88
11704,100,4003.67
11708,100,4517.52
11712,100,4971.72
11716,100,4615.68
11720,100,4113.96
11724,100,4110.08
11728,100,4662.85
11732,100,4950.28
11736,100,4319.03
11740,100,3795.04
11744,100,4245.84
11748,100,4822.72
11752,100,5221.57
11756,100,4102.63
11760,100,3983.62
11764,100,4358.27
11768,100,4898.62
11772,100,4742.89
11776,100,4008.54
11780,100,4024.27
11784,100,4512.13
11788,100,4961.62
11792,100,4471.54
11796,100,3943.88
11800,100,4114.53
11804,100,4653.77
11808,100,5024.73
11812,100,4200.41
11816,100,3780.02
11820,100,4224.71
11824,100,4812.95
11828,100,5413.23
11832,100,4085.29
11836,100,3797.70
11840,100,4345.70
11844,100,4873.57
11848,100,4734.08
11852,100,3996.03
11856,100,4009.07
11860,100,4485.28
11864,100,4925.64
11868,100,4579.73
11872,100,3957.51
11876,100,4012.86
11880,100,4613.50
11884,100,4881.98
11888,100,4523.06
11892,100,3898.60
11896,100,4047.02
11900,100,4692.08
11904,100,4843.19
11908,100,4167.55
11912,100,3781.22
11916,100,4284.88
11920,100,4807.05
11924,100,4727.17
11928,100,4062.26
11932,100,3923.31
11936,100,4303.33
11940,100,4962.48
11944,100,4466.44
11948,100,3971.23
11952,100,3807.38
11956,100,4458.94
11960,100,4906.33
11964,100,4567.87
11968,100,3961.49
11972,100,3993.55
11976,100,4608.24
11980,100,4882.44
11984,100,4472.76
11988,100,3894.40
11992,100,4045.01
11996,100,4721.69
12000,100,4827.38
12004,100,4155.92
12008,100,3932.01
12012,100,4193.63
12016,100,4801.83
12020,100,4723.91
12024,100,4049.73
12028,100,3923.32
12032,100,4303.23
12036,100,4848.94
12040,100,4570.13
12044,100,3979.91
12048,100,3983.58
12052,100,4467.04
12056,100,4909.51
12060,100,4565.00
12064,100,3848.27
12068,100,3969.61
12072,100,4622.41
12076,100,4898.24
12080,100,4274.74
12084,100,3914.82
12088,100,4057.98
12092,100,4595.63
12096,100,4852.71
12100,100,4241.85
12104,100,3735.70
12108,100,4185.78
12112,100,4819.62
12116,100,4735.86
12120,100,4075.26
12124,100,3950.06
12128,100,4480.41
12132,100,4903.74
12136,100,4611.28
12140,100,3990.80
12144,100,4000.72
12148,100,4480.21
12152,100,4887.81
12156,100,4471.72
12160,100,3761.06
12164,100,4092.22
12168,100,4639.63
12172,100,4832.08
12176,100,4192.57
12180,100,3950.03
12184,100,4224.46
12188,100,4797.82
12192,100,4737.01
12196,100,4097.30
12200,100,3960.51
12204,100,4338.26
12208,100,4873.75
12212,100,4593.70
12216,100,4080.19
12220,100,4011.32
12224,100,4507.41
12228,100,5061.15
12232,100,4334.50
12236,100,3945.85
12240,100,4107.83
12244,100,4657.21
12248,100,5475.21
12252,100,4198.28
12256,100,3964.65
12260,100,4236.41
12264,100,4816.09
12268,100,4745.21
12272,100,4123.69
12276,100,3981.38
12280,100,4366.20
12284,100,4911.90
12288,100,4595.78
12292,100,4031.09
12296,100,4037.15
12300,100,4528.74
12304,100,4946.15
12308,100,4522.89
12312,100,3934.60
12316,100,4135.24
12320,100,4694.25
12324,100,4831.99
12328,100,4247.26
12332,100,3992.24
12336,100,4291.14
12340,100,4897.95
12344,100,4817.76
12348,100,4140.43
12352,100,3997.33
12356,100,4525.56
12360,100,5015.05
12364,100,4692.33
12368,100,4038.06
12372,100,4035.85
12376,100,4627.75
12380,100,4999.81
12384,100,4847.61
12388,100,3983.39
12392,100,4200.80
12396,100,4862.34
12400,100,4976.91
12404,100,4134.43
12408,100,4013.52
12412,100,4407.07
12416,100,4943.83
12420,100,4626.63
12424,100,4059.25
12428,100,4067.62
12432,100,4570.48
12436,100,4985.37
12440,100,4388.29
12444,100,4018.19
12448,100,4167.25
12452,100,4821.86
12456,100,4958.50
12460,100,4263.84
12464,100,3996.57
12468,100,4393.23
12472,100,4966.89
12476,100,4852.36
12480,100,4142.40
12484,100,3977.91
12488,100,4584.23
12492,100,5041.48
12496,100,4501.40
12500,100,4058.81
12504,100,4183.65
12508,100,4747.58
12512,100,4889.29
12516,100,4287.53
12520,100,4044.22
12524,100,4589.92
12528,100,4933.44
12532,100,4854.46
12536,100,4144.11
12540,100,4023.00
12544,100,4421.61
12548,100,5051.86
12552,100,4547.27
12556,100,4015.69
12560,100,4178.62
12564,100,4742.09
12568,100,4943.99
12572,100,4275.98
12576,100,4026.35
12580,100,4307.17
12584,100,4943.23
12588,100,4858.49
12592,100,4204.64
12596,100,4023.19
12600,100,4577.23
12604,100,5048.24
12608,100,5145.16
12612,100,4112.27
12616,100,4196.97
12620,100,4750.91
12624,100,4969.95
12628,100,4306.85
12632,100,4048.29
12636,100,4321.64
12640,100,4962.89
12644,100,4873.66
12648,100,4267.60
12652,100,4038.20
12656,100,4573.80
12660,100,5079.00
12664,100,4571.59
12668,100,4039.49
12672,100,4213.85
12676,100,4772.00
12680,100,4952.35
12684,100,4305.48
12688,100,4084.67
12692,100,4313.74
12696,100,4850.70
12700,100,4880.29
12704,100,4167.60
12708,100,4058.60
12712,100,4606.33
12716,100,5068.71
12720,100,4485.28
12724,100,4081.18
12728,100,4185.68
12732,100,4777.98
12736,100,4783.97
12740,100,4279.57
12744,100,4071.81
12748,100,4281.55
12752,100,4867.63
12756,100,4842.15
12760,100,4138.04
12764,100,4005.72
12768,100,4425.52
12772,100,5031.31
12776,100,4685.17
12780,100,4201.80
12784,100,4162.51
12788,100,4718.48
12792,100,5415.03
12796,100,4256.70
12800,100,4002.92
12804,100,4272.95
12808,100,4902.29
12812,100,4604.88
12816,100,4143.29
12820,100,4002.81
12824,100,4388.79
12828,100,4966.02
12832,100,4675.23
12836,100,4037.18
12840,100,4110.45
12844,100,4660.14
12848,100,4979.89
12852,100,4351.85
12856,100,4224.90
12860,100,4113.56
12864,100,4794.25
12868,100,4922.81
12872,100,4330.79
12876,100,3776.15
12880,100,4355.07
12884,100,4908.16
12888,100,4796.66
12892,100,4108.44
12896,100,3973.98
12900,100,4460.07
12904,100,4998.02
12908,100,4950.90
12912,100,4027.36
12916,100,4066.67
12920,100,4692.09
12924,100,4979.89
12928,100,4347.13
12932,100,3827.18
12936,100,4267.67
12940,100,4837.60
12944,100,5500.76
12948,100,4132.51
12952,100,3996.34
12956,100,4381.65
12960,100,4927.57
12964,100,4601.33
12968,100,4043.84
12972,100,4037.14
12976,100,4534.31
12980,100,4939.67
12984,100,4523.27
12988,100,3940.82
12992,100,4130.33
12996,100,4694.80
13000,100,4801.77
13004,100,4223.84
13008,100,3973.24
13012,100,4250.48
13016,100,4871.21
13020,100,4780.95
13024,100,4117.89
13028,100,3981.44
13032,100,4401.72
13036,100,4936.17
13040,100,4651.18
13044,100,4022.63
13048,100,4068.41
13052,100,4849.51
13056,100,4770.49
13060,100,4344.03
13064,100,3963.23
13068,100,4107.68
13072,100,4770.06
13076,100,4877.38
13080,100,4203.33
13084,100,3948.05
13088,100,4240.78
13092,100,4853.04
13096,100,4759.80
13100,100,4090.07
13104,100,3792.12
13108,100,4343.42
13112,100,4923.07
13116,100,4643.46
13120,100,4000.60
13124,100,4003.13
13128,100,4503.68
13132,100,4900.79
13136,100,4479.23
13140,100,3884.34
13144,100,4105.27
13148,100,4665.94
13152,100,4854.55
13156,100,4209.89
13160,100,3960.71
13164,100,4219.48
13168,100,4795.09
13172,100,4721.65
13176,100,4088.44
13180,100,3958.48
13184,100,4342.77
13188,100,4903.15
13192,100,4506.77
13196,100,4005.41
13200,100,4009.09
13204,100,4482.92
13208,100,5033.54
13212,100,4361.47
13216,100,3919.28
13220,100,4080.74
13224,100,4617.33
13228,100,4911.57
13232,100,4283.16
13236,100,3805.62
13240,100,4043.54
13244,100,4761.20
13248,100,4846.31
13252,100,4145.86
13256,100,3908.97
13260,100,4297.64
13264,100,4851.70
13268,100,4735.60
13272,100,4332.42
13276,100,3919.98
13280,100,4294.74
13284,100,4694.39
13288,100,4611.93
13292,100,3985.82
13296,100,4059.69
13300,100,4862.98
13304,100,4783.45
13308,100,4308.75
13312,100,3942.40
13316,100,4078.60
13320,100,4679.11
13324,100,4819.42
13328,100,4180.85
13332,100,3937.77
13336,100,4203.22
13340,100,4779.10
13344,100,4710.20
13348,100,4083.15
13352,100,3954.20
13356,100,4325.72
13360,100,4870.54
13364,100,4592.52
13368,100,3988.16
13372,100,3996.29
13376,100,4482.56
13380,100,4925.83
13384,100,4593.18
13388,100,4002.24
13392,100,3942.84
13396,100,4625.34
13400,100,4917.76
13404,100,4283.75
13408,100,3927.17
13412,100,4185.34
13416,100,4782.09
13420,100,4874.70
13424,100,4166.85
13428,100,3931.43
13432,100,4315.64
13436,100,4870.21
13440,100,4756.56
13444,100,4065.90
13448,100,3938.40
13452,100,4470.05
13456,100,4948.54
13460,100,4634.64
13464,100,4348.49
13468,100,3986.63
13472,100,4610.68
13476,100,4917.47
13480,100,4323.31
13484,100,3892.22
13488,100,4393.21
13492,100,4767.42
13496,100,4874.48
13500,100,4194.91
13504,100,4015.18
13508,100,4443.10
13512,100,4865.56
13516,100,4771.47
13520,100,4104.29
13524,100,4049.19
13528,100,4336.98
13532,100,4843.59
13536,100,4669.49
13540,100,4037.75
13544,100,4298.84
13548,100,4653.73
13552,100,4970.25
13556,100,4366.21
13560,100,3970.70
13564,100,4122.65
13568,100,4750.75
13572,100,4938.64
13576,100,4693.36
13580,100,3977.43
13584,100,4358.41
13588,100,4947.15
13592,100,5007.44
13596,100,4054.02
13600,100,4070.12
13604,100,4572.88
13608,100,5038.38
13612,100,4432.93
13616,100,3996.32
13620,100,4173.76
13624,100,4721.36
13628,100,4937.21
13632,100,4272.99
13636,100,4024.41
13640,100,4410.12
13644,100,4936.52
13648,100,4858.55
13652,100,4440.53
13656,100,4016.56
13660,100,4516.15
13664,100,5051.70
13668,100,4699.16
13672,100,4231.36
13676,100,4183.54
13680,100,4738.87
13684,100,4956.63
13688,100,4288.14
13692,100,4046.27
13696,100,4319.17
13700,100,4947.93
13704,100,4857.85
13708,100,4205.96
13712,100,4022.77
13716,100,4564.91
13720,100,5065.80
13724,100,5065.85
13728,100,4061.99
13732,100,3977.18
13736,100,4726.80
13740,100,5220.96
13744,100,4257.81
13748,100,4022.17
13752,100,4286.84
13756,100,4905.70
13760,100,4581.30
13764,100,4154.57
13768,100,4011.41
13772,100,4516.82
13776,100,4991.71
13780,100,4698.77
13784,100,4083.50
13788,100,4029.38
13792,100,4669.99
13796,100,4976.80
13800,100,4357.76
13804,100,3962.32
13808,100,4111.18
13812,100,4676.81
13816,100,4909.86
13820,100,4588.53
13824,100,3948.06
13828,100,4333.47
13832,100,4895.37
13836,100,4774.59
13840,100,4083.61
13844,100,3951.08
13848,100,4480.56
13852,100,4948.30
13856,100,4643.69
13860,100,4050.63
13864,100,3990.50
13868,100,4602.86
13872,100,4938.05
13876,100,4364.76
13880,100,3935.35
13884,100,4077.60
13888,100,4703.53
13892,100,4888.28
13896,100,4376.68
13900,100,3931.51
13904,100,4195.03
13908,100,4795.58
13912,100,4751.01
13916,100,4188.32
13920,100,4119.13
13924,100,4304.39
13928,100,4864.62
13932,100,4626.62
13936,100,3993.85
13940,100,4030.53
13944,100,4787.50
13948,100,4812.12
13952,100,4328.09
13956,100,3954.64
13960,100,4103.43
13964,100,4943.06
13968,100,4643.86
13972,100,4199.48
13976,100,3962.87
13980,100,4226.66
13984,100,4850.93
13988,100,4765.74
13992,100,4097.30
13996,100,3964.63
14000,80,4037.31
14004,80,4907.13
14008,80,4630.83
14012,80,4155.45
14016,80,3727.50
14020,80,4149.44
14024,80,4414.49
14028,80,4487.62
14032,80,3972.95
14036,80,4085.24
14040,80,4261.87
14044,80,3888.73
14048,80,3857.68
14052,80,3617.72
14056,80,3891.15
14060,80,4757.93
14064,80,4827.80
14068,80,4264.71
14072,80,3900.81
14076,80,4264.35
14080,80,4406.92
14084,80,4700.12
14088,80,3380.86
14092,80,4046.12
14096,80,4211.82
14100,80,4407.58
14104,80,4090.65
14108,80,3943.73
14112,80,3950.28
14116,80,4437.16
14120,80,4887.07
14124,80,4546.75
14128,80,3889.02
14132,80,3879.45
14136,80,4366.11
14140,80,4375.95
14144,80,4414.72
14148,80,5068.85
14152,80,4145.08
14156,80,4169.84
14160,80,4679.62
14164,80,4117.04
14168,80,3882.75
14172,80,4143.00
14176,80,4704.61
14180,80,4793.34
14184,80,4104.48
14188,80,3872.85
14192,80,3842.51
14196,80,4676.05
14200,80,4178.63
14204,80,3727.90
14208,80,3884.85
14212,80,4266.75
14216,80,3914.13
14220,80,4070.09
14224,80,4006.13
14228,80,3674.75
14232,80,4425.74
14236,80,4388.58
14240,80,4303.68
14244,80,3921.67
14248,80,3659.77
14252,80,4546.19
14256,80,4844.33
14260,80,4414.42
14264,80,3589.60
14268,80,4028.94
14272,80,4568.68
14276,80,4824.25
14280,80,3720.09
14284,80,3888.76
14288,80,3864.58
14292,80,4715.45
14296,80,4289.20
14300,80,4538.22
14304,80,3880.88
14308,80,3851.93
14312,80,4391.02
14316,80,4707.22
14320,80,4449.12
14324,80,3626.55
14328,80,4278.64
14332,80,4974.42
14336,80,4504.51
14340,80,4019.42
14344,80,3686.49
14348,80,4106.51
14352,80,4874.19
14356,80,3623.60
14360,80,3653.60
14364,80,3952.43
14368,80,4569.41
14372,80,4386.73
14376,80,4427.65
14380,80,3940.27
14384,80,4040.88
14388,80,4303.79
14392,80,4746.63
14396,80,4115.18
14400,80,3864.74
14404,80,4132.92
14408,80,4295.49
14412,80,4760.53
14416,80,4493.01
14420,80,3652.05
14424,80,3518.91
14428,80,4631.92
14432,80,4516.56
14436,80,3599.01
14440,80,3828.88
14444,80,3886.70
14448,80,4711.71
14452,80,4119.67
14456,80,4059.13
14460,80,3819.77
14464,80,3895.34
14468,80,4291.67
14472,80,5015.07
14476,80,4013.87
14480,80,3524.31
14484,80,4168.42
14488,80,4284.37
14492,80,4325.26
14496,80,3653.68
14500,80,3753.57
14504,80,3856.94
14508,80,4528.23
14512,80,3983.16
14516,80,3908.71
14520,80,3848.85
14524,80,4006.84
14528,80,4284.00
14532,80,3986.51
14536,80,3914.58
14540,80,3592.22
14544,80,0.00
14548,80,4789.25
14552,80,3968.57
14556,80,3899.69
14560,80,3835.89
14564,80,4250.86
14568,80,4733.01
14572,80,4281.50
14576,80,3744.61
14580,80,3312.12
14584,80,4445.72
14588,80,4269.22
14592,80,4317.78
14596,80,3836.86
14600,80,3675.90
14604,80,4456.17
14608,80,4724.84
14612,80,4391.91
14616,80,3834.84
14620,80,3940.07
14624,80,4460.67
14628,80,4734.66
14632,80,4278.52
14636,80,3820.89
14640,80,3999.92
14644,80,4144.99
14648,80,4240.03
14652,80,4253.00
14656,80,3500.36
14660,80,3921.95
14664,80,4081.72
14668,80,4509.37
14672,80,4156.12
14676,80,3823.04
14680,80,3816.59
14684,80,4204.58
14688,80,4678.00
14692,80,3730.63
14696,80,3786.88
14700,80,4045.27
14704,80,4204.81
14708,80,4654.00
14712,80,4153.61
14716,80,3798.35
14720,80,3763.59
14724,80,4201.87
14728,80,4662.26
14732,80,4508.96
14736,80,3667.79
14740,80,3752.51
14744,80,4581.38
14748,80,4627.62
14752,80,4120.50
14756,80,3586.88
14760,80,3943.61
14764,80,4467.26
14768,80,4638.96
14772,80,3339.20
14776,80,3474.96
14780,80,4018.13
14784,80,4561.68
14788,80,4061.55
14792,80,0.00
14796,80,3596.41
14800,80,4022.86
14804,80,4261.51
14808,80,4554.42
14812,80,4007.42
14816,80,3510.45
14820,80,3845.15
14824,80,4659.32
14828,80,4549.74
14832,80,3614.24
14836,80,3610.59
14840,80,4135.05
14844,80,4269.53
14848,80,4546.57
14852,80,3994.42
14856,80,3771.35
14860,80,3842.98
14864,80,4638.61
14868,80,4521.51
14872,80,3976.83
14876,80,3486.88
14880,80,4112.23
14884,80,4627.21
14888,80,4513.24
14892,80,3982.16
14896,80,3494.92
14900,80,4126.30
14904,80,4249.42
14908,80,4532.62
14912,80,4114.70
14916,80,3769.62
14920,80,3824.70
14924,80,4644.03
14928,80,4222.82
14932,80,3597.68
14936,80,3892.41
14940,80,4146.65
14944,80,4644.73
14948,80,4522.67
14952,80,3276.05
14956,80,3775.98
14960,80,4460.11
14964,80,3816.82
14968,80,3984.67
14972,80,3640.40
14976,80,3638.00
14980,80,4338.61
14984,80,3846.09
14988,80,4030.08
14992,80,3549.19
14996,80,3890.63
15000,80,4361.40
15004,80,3858.52
15008,80,4482.99
15012,80,3604.56
15016,80,3619.96
15020,80,4372.39
15024,80,4579.86
15028,80,4372.01
15032,80,3888.50
15036,80,3731.22
15040,80,4541.39
15044,80,4347.99
15048,80,3904.18
15052,80,3561.94
15056,80,3715.15
15060,80,4281.02
15064,80,4781.85
15068,80,4261.14
15072,80,3878.65
15076,80,4147.52
15080,80,4324.02
15084,80,4197.79
15088,80,4129.47
15092,80,3910.90
15096,80,3966.31
15100,80,4397.12
15104,80,4682.54
15108,80,3804.32
15112,80,3594.55
15116,80,3629.39
15120,80,4389.96
15124,80,4088.24
15128,80,3993.58
15132,80,3935.22
15136,80,4401.74
15140,80,5093.40
15144,80,4502.05
15148,80,3796.98
15152,80,3820.47
15156,80,4334.79
15160,80,4804.52
15164,80,4367.75
15168,80,3884.36
15172,80,3983.24
15176,80,4172.88
15180,80,4759.87
15184,80,4195.60
15188,80,3410.93
15192,80,3952.18
15196,80,4249.26
15200,80,4727.32
15204,80,4197.60
15208,80,3823.25
15212,80,4089.11
15216,80,4645.49
15220,80,4933.68
15224,80,3757.66
15228,80,3518.60
15232,80,4064.28
15236,80,3368.40
15240,80,3949.18
15244,80,3315.79
15248,80,3831.12
15252,80,3889.91
15256,80,4308.16
15260,80,4608.04
15264,80,4067.60
15268,80,3840.76
15272,80,4181.61
15276,80,4307.19
15280,80,4589.60
15284,80,3653.15
15288,80,3541.29
15292,80,3883.33
15296,80,4321.93
15300,80,4503.32
15304,80,3945.92
15308,80,3621.17
15312,80,4035.65
15316,80,4796.57
15320,80,4537.71
15324,80,3565.08
15328,80,3987.55
15332,80,4130.87
15336,80,4329.23
15340,80,3476.38
15344,80,3600.24
15348,80,3831.02
15352,80,4512.30
15356,80,4785.19
15360,80,3919.49
15364,80,3892.51
15368,80,3719.45
15372,80,4175.64
15376,80,4775.31
15380,80,4203.88
15384,80,3411.77
15388,80,3671.36
15392,80,4459.42
15396,80,4751.42
15400,80,4223.00
15404,80,3852.76
15408,80,4110.88
15412,80,4279.49
15416,80,4226.28
15420,80,4128.41
15424,80,3464.53
15428,80,4182.27
15432,80,4778.14
15436,80,4653.10
15440,80,4098.40
15444,80,3874.65
15448,80,4244.99
15452,80,4680.79
15456,80,4465.02
15460,80,3982.62
15464,80,3659.31
15468,80,4400.60
15472,80,3876.46
15476,80,4538.88
15480,80,4158.34
15484,80,3733.75
15488,80,4515.77
15492,80,4788.34
15496,80,3925.53
15500,80,3838.83
15504,80,4000.62
15508,80,3776.28
15512,80,4816.66
15516,80,4361.00
15520,80,3844.58
15524,80,3970.13
15528,80,4518.13
15532,80,4641.71
15536,80,3677.22
15540,80,3848.88
15544,80,3509.57
15548,80,4654.98
15552,80,4742.14
15556,80,4465.83
15560,80,4039.20
15564,80,4146.35
15568,80,4604.21
15572,80,4597.41
15576,80,4076.56
15580,80,3542.11
15584,80,3958.29
15588,80,4326.63
15592,80,4606.90
15596,80,4065.79
15600,80,3844.66
15604,80,4190.77
15608,80,4714.57
15612,80,4577.65
15616,80,3611.03
15620,80,3835.80
15624,80,3886.67
15628,80,3850.81
15632,80,4028.79
15636,80,3885.10
15640,80,3886.91
15644,80,4363.41
15648,80,4802.58
15652,80,4512.75
15656,80,3938.52
15660,80,4062.99
15664,80,4547.60
15668,80,4301.30
15672,80,4365.25
15676,80,3874.42
15680,80,3425.39
15684,80,4532.85
15688,80,4305.92
15692,80,3916.38
15696,80,3925.14
15700,80,3725.18
15704,80,4528.11
15708,80,4768.92
15712,80,4077.80
15716,80,3851.10
15720,80,4002.76
15724,80,3862.64
15728,80,4253.88
15732,80,4095.38
15736,80,3266.38
15740,80,3835.21
15744,80,4759.50
15748,80,4617.30
15752,80,3994.63
15756,80,3864.34
15760,80,3929.06
15764,80,4378.10
15768,80,4644.34
15772,80,4425.20
15776,80,3985.40
15780,80,4368.88
15784,80,4812.99
15788,80,6152.89
15792,80,3575.98
15796,80,3599.15
15800,80,4073.69
15804,80,4389.48
15808,80,4700.83
15812,80,3911.66
15816,80,3646.99
15820,80,4056.53
15824,80,4399.79
15828,80,3952.60
15832,80,3598.24
15836,80,3701.77
15840,80,4571.52
15844,80,4790.23
15848,80,4611.12
15852,80,3538.51
15856,80,3877.63
15860,80,4742.84
15864,80,4306.70
15868,80,4559.51
15872,80,3904.89
15876,80,3873.38
15880,80,4408.60
15884,80,4223.01
15888,80,3680.56
15892,80,3962.77
15896,80,4344.52
15900,80,4884.70
15904,80,3663.82
15908,80,3986.29
15912,80,3727.97
15916,80,4479.62
15920,80,4416.52
15924,80,4480.11
15928,80,3915.08
15932,80,3807.06
15936,80,4276.08
15940,80,5416.68
15944,80,4165.25
15948,80,3633.94
15952,80,4202.61
15956,80,4357.00
15960,80,4439.24
15964,80,3828.95
15968,80,3885.29
15972,80,4216.67
15976,80,4823.21
15980,80,4726.35
15984,80,4128.10
15988,80,3610.28
15992,80,3953.63
15996,80,4411.59
16000,60,4076.66
16004,60,3635.36
16008,60,3927.48
16012,60,4070.64
16016,60,4904.13
16020,60,4496.87
16024,60,2975.80
16028,60,3347.63
16032,60,4464.85
16036,60,4767.28
16040,60,3885.64
16044,60,3523.61
16048,60,3675.20
16052,60,4340.03
16056,60,4712.54
16060,60,4451.54
16064,60,3618.07
16068,60,3659.13
16072,60,3692.80
16076,60,4328.45
16080,60,3077.47
16084,60,3451.77
16088,60,3924.86
16092,60,4054.20
16096,60,4835.22
16100,60,3466.08
16104,60,3432.89
16108,60,3593.20
16112,60,3625.69
16116,60,4149.35
16120,60,4195.89
16124,60,3717.13
16128,60,3813.30
16132,60,4294.41
16136,60,4112.75
16140,60,3719.42
16144,60,3755.70
16148,60,0.00
16152,60,3889.59
16156,60,4097.25
16160,60,3814.61
16164,60,3388.82
16168,60,3112.03
16172,60,3364.23
16176,60,4044.05
16180,60,4307.90
16184,60,3779.65
16188,60,3332.44
16192,60,0.00
16196,60,3158.46
16200,60,3724.57
16204,60,3497.44
16208,60,3826.99
16212,60,3266.91
16216,60,3947.41
16220,60,3995.43
16224,60,3470.17
16228,60,3019.86
16232,60,3422.81
16236,60,3470.25
16240,60,0.00
16244,60,3298.25
16248,60,3310.48
16252,60,3093.46
16256,60,3290.87
16260,60,0.00
16264,60,0.00
16268,60,3368.44
16272,60,0.00
16276,60,3404.57
16280,60,3530.21
16284,60,3435.86
16288,60,3468.09
16292,60,3548.08
16296,60,3140.98
16300,60,3882.40
16304,60,3918.91
16308,60,3216.19
16312,60,3285.12
16316,60,3307.50
16320,60,3690.73
16324,60,4358.55
16328,60,3854.92
16332,60,3584.99
16336,60,3009.29
16340,60,3466.59
16344,60,3845.61
16348,60,4259.64
16352,60,3448.68
16356,60,3228.66
16360,60,3298.46
16364,60,3748.85
16368,60,3434.85
16372,60,2850.59
16376,60,2976.31
16380,60,3283.32
16384,60,3246.71
16388,60,3882.74
16392,60,3315.21
16396,60,3007.04
16400,60,2957.66
16404,60,3190.26
16408,60,3494.81
16412,60,3390.97
16416,60,3549.47
16420,60,3219.75
16424,60,3113.07
16428,60,3344.59
16432,60,3054.44
16436,60,3637.05
16440,60,2983.09
16444,60,3245.36
16448,60,0.00
16452,60,3949.09
16456,60,3788.98
16460,60,3774.72
16464,60,3190.37
16468,60,3484.61
16472,60,3493.63
16476,60,3907.30
16480,60,3821.55
16484,60,3033.42
16488,60,3049.29
16492,60,3347.13
16496,60,3903.53
16500,60,3240.56
16504,60,3739.70
16508,60,3148.45
16512,60,3679.13
16516,60,3503.48
16520,60,4179.68
16524,60,3423.81
16528,60,0.00
16532,60,3195.94
16536,60,3398.84
16540,60,3871.72
16544,60,3146.24
16548,60,0.00
16552,60,3271.69
16556,60,3652.73
16560,60,3906.62
16564,60,3734.81
16568,60,3032.74
16572,60,2979.72
16576,60,3700.51
16580,60,4169.33
16584,60,3796.05
16588,60,3797.06
16592,60,3940.31
16596,60,2786.16
16600,60,3398.68
16604,60,3432.65
16608,60,3637.86
16612,60,3952.46
16616,60,3274.42
16620,60,3243.46
16624,60,3484.89
16628,60,3314.99
16632,60,3679.84
16636,60,2953.00
16640,60,3166.28
16644,60,3428.97
16648,60,0.00
16652,60,3132.53
16656,60,3190.74
16660,60,3024.87
16664,60,3612.85
16668,60,4516.47
16672,60,3210.38
16676,60,3312.16
16680,60,3191.13
16684,60,3760.33
16688,60,3469.37
16692,60,4168.49
16696,60,4018.77
16700,60,2984.74
16704,60,3300.74
16708,60,3892.81
16712,60,3385.04
16716,60,3194.04
16720,60,3190.56
16724,60,0.00
16728,60,3151.03
16732,60,3847.15
16736,60,3731.99
16740,60,3237.87
16744,60,3131.63
16748,60,3515.80
16752,60,3337.04
16756,60,3780.96
16760,60,3563.66
16764,60,3427.38
16768,60,3402.09
16772,60,3173.54
16776,60,3427.55
16780,60,4097.18
16784,60,3273.91
16788,60,3203.00
16792,60,3292.13
16796,60,3680.10
16800,60,4355.36
16804,60,3515.81
16808,60,3155.78
16812,60,3308.50
16816,60,3202.96
16820,60,3030.01
16824,60,3677.64
16828,60,0.00
16832,60,2925.42
16836,60,3459.69
16840,60,3443.23
16844,60,3850.86
16848,60,3027.94
16852,60,2925.74
16856,60,3258.58
16860,60,3202.33
16864,60,3915.91
16868,60,3316.31
16872,60,3743.21
16876,60,3580.95
16880,60,3180.54
16884,60,3807.75
16888,60,3390.97
16892,60,3752.10
16896,60,2972.05
16900,60,3364.93
16904,60,3424.81
16908,60,3456.28
16912,60,3558.54
16916,60,3518.94
16920,60,3073.62
16924,60,3977.86
16928,60,3527.95
16932,60,3366.92
16936,60,3357.56
16940,60,3094.14
16944,60,3751.73
16948,60,3531.45
16952,60,3855.31
16956,60,3371.78
16960,60,0.00
16964,60,2990.94
16968,60,3791.42
16972,60,4595.96
16976,60,3580.08
16980,60,3012.48
16984,60,3317.84
16988,60,4057.72
16992,60,3531.45
16996,60,3276.87
17000,60,3762.37
17004,60,3034.40
17008,60,3592.49
17012,60,3965.65
17016,60,3804.07
17020,60,4118.46
17024,60,3251.34
17028,60,3692.42
17032,60,3486.85
17036,60,3965.81
17040,60,4247.52
17044,60,3523.52
17048,60,2835.93
17052,60,3396.90
17056,60,3970.79
17060,60,3680.72
17064,60,3024.15
17068,60,3288.73
17072,60,3587.74
17076,60,3969.54
17080,60,3802.99
17084,60,3676.48
17088,60,3287.55
17092,60,3503.48
17096,60,3918.33
17100,60,4209.67
17104,60,3808.85
17108,60,3020.11
17112,60,3178.15
17116,60,3824.75
17120,60,4672.27
17124,60,3640.13
17128,60,0.00
17132,60,3247.54
17136,60,4038.89
17140,60,4385.59
17144,60,3907.28
17148,60,3045.90
17152,60,3309.53
17156,60,0.00
17160,60,3585.72
17164,60,3400.76
17168,60,3179.94
17172,60,3302.79
17176,60,3536.34
17180,60,3928.17
17184,60,3906.35
17188,60,3424.92
17192,60,3038.43
17196,60,2900.08
17200,60,3418.41
17204,60,3525.32
17208,60,3504.74
17212,60,3290.80
17216,60,3116.32
17220,60,3416.38
17224,60,4006.27
17228,60,4140.16
17232,60,3300.52
17236,60,3066.29
17240,60,3329.79
17244,60,3575.70
17248,60,3827.00
17252,60,3345.37
17256,60,0.00
17260,60,3517.47
17264,60,3565.02
17268,60,3893.90
17272,60,3566.80
17276,60,0.00
17280,60,3166.74
17284,60,3828.97
17288,60,3522.45
17292,60,4069.42
17296,60,3028.44
17300,60,2944.70
17304,60,3711.64
17308,60,4543.17
17312,60,3721.01
17316,60,3090.96
17320,60,3167.58
17324,60,3864.15
17328,60,3565.74
17332,60,4251.04
17336,60,0.00
17340,60,3066.75
17344,60,3227.26
17348,60,3546.02
17352,60,4341.51
17356,60,3469.67
17360,60,3252.70
17364,60,3421.99
17368,60,3816.74
17372,60,3939.83
17376,60,3291.09
17380,60,3319.89
17384,60,3334.33
17388,60,3594.40
17392,60,3547.93
17396,60,3771.39
17400,60,3364.52
17404,60,2997.62
17408,60,3347.31
17412,60,3879.77
17416,60,4306.12
17420,60,3109.50
17424,60,3052.56
17428,60,3384.51
17432,60,3437.91
17436,60,3943.47
17440,60,3623.15
17444,60,2729.26
17448,60,3304.10
17452,60,3368.20
17456,60,3945.06
17460,60,4221.00
17464,60,3314.03
17468,60,3020.31
17472,60,3128.10
17476,60,3580.84
17480,60,3850.42
17484,60,3446.78
17488,60,0.00
17492,60,3212.77
17496,60,3786.29
17500,60,3486.02
17504,60,3580.09
17508,60,3263.23
17512,60,3078.07
17516,60,3753.68
17520,60,3533.27
17524,60,3272.15
17528,60,3368.17
17532,60,3029.29
17536,60,3577.70
17540,60,3967.86
17544,60,4326.31
17548,60,3102.05
17552,60,3053.98
17556,60,0.00
17560,60,3437.52
17564,60,3904.13
17568,60,3819.54
17572,60,3039.72
17576,60,3056.91
17580,60,0.00
17584,60,3517.13
17588,60,3679.70
17592,60,3010.37
17596,60,3012.67
17600,60,3844.64
17604,60,4303.71
17608,60,3841.43
17612,60,3770.35
17616,60,2966.66
17620,60,0.00
17624,60,3416.34
17628,60,3462.00
17632,60,3801.01
17636,60,2990.03
17640,60,3115.54
17644,60,3359.61
17648,60,3944.51
17652,60,3327.64
17656,60,3740.96
17660,60,3232.10
17664,60,3810.08
17668,60,3505.84
17672,60,3396.66
17676,60,3407.96
17680,60,3204.87
17684,60,3114.30
17688,60,3748.78
17692,60,4414.54
17696,60,3155.83
17700,60,3755.68
17704,60,0.00
17708,60,3660.96
17712,60,3490.96
17716,60,3746.38
17720,60,3024.65
17724,60,2996.70
17728,60,3196.60
17732,60,0.00
17736,60,4224.27
17740,60,4066.39
17744,60,3968.12
17748,60,3354.53
17752,60,3779.08
17756,60,3454.08
17760,60,3263.44
17764,60,2992.32
17768,60,3572.16
17772,60,3566.53
17776,60,3522.14
17780,60,3345.96
17784,60,4031.32
17788,60,0.00
17792,60,3457.71
17796,60,4211.03
17800,60,4355.57
17804,60,3837.11
17808,60,2718.93
17812,60,3126.49
17816,60,3795.58
17820,60,3469.00
17824,60,3679.90
17828,60,3265.26
17832,60,3066.95
17836,60,3691.47
17840,60,3521.43
17844,60,3735.61
17848,60,4032.31
17852,60,3244.54
17856,60,3381.81
17860,60,3862.87
17864,60,4106.35
17868,60,3100.01
17872,60,2984.08
17876,60,3380.31
17880,60,3752.53
17884,60,3938.47
17888,60,0.00
17892,60,3544.18
17896,60,3618.92
17900,60,3686.38
17904,60,3948.58
17908,60,3360.06
17912,60,3747.92
17916,60,0.00
17920,60,3201.72
17924,60,3511.22
17928,60,4423.64
17932,60,3430.42
17936,60,3521.43
17940,60,3364.60
17944,60,3676.16
17948,60,4326.87
17952,60,3652.80
17956,60,2998.25
17960,60,3049.34
17964,60,3551.28
17968,60,3909.24
17972,60,3743.58
17976,60,3101.15
17980,60,2987.39
17984,60,3705.39
17988,60,3494.88
17992,60,3858.35
17996,60,4168.62
18000,40,3184.77
18004,40,3115.02
18008,40,3678.73
18012,40,3487.78
18016,40,3556.06
18020,40,3783.85
18024,40,2972.15
18028,40,3227.70
18032,40,3890.79
18036,40,3699.88
18040,40,3383.87
18044,40,3163.17
18048,40,0.00
18052,40,3342.53
18056,40,3798.00
18060,40,3461.99
18064,40,2925.29
18068,40,3369.18
18072,40,3171.73
18076,40,3405.47
18080,40,3864.51
18084,40,3335.51
18088,40,2861.71
18092,40,2739.81
18096,40,3293.04
18100,40,3933.45
18104,40,0.00
18108,40,2857.38
18112,40,3097.60
18116,40,3635.30
18120,40,4088.14
18124,40,3659.40
18128,40,3615.72
18132,40,2574.98
18136,40,3186.51
18140,40,3478.42
18144,40,3703.52
18148,40,3074.69
18152,40,3161.56
18156,40,2844.70
18160,40,3175.87
18164,40,3295.77
18168,40,3671.72
18172,40,3320.20
18176,40,2804.45
18180,40,2866.01
18184,40,3572.86
18188,40,3293.43
18192,40,0.00
18196,40,2883.42
18200,40,3014.57
18204,40,3135.64
18208,40,3122.10
18212,40,3626.44
18216,40,0.00
18220,40,2864.78
18224,40,2765.63
18228,40,2966.59
18232,40,3498.62
18236,40,3594.77
18240,40,3386.06
18244,40,2762.42
18248,40,2779.82
18252,40,0.00
18256,40,3515.48
18260,40,3132.66
18264,40,3268.53
18268,40,2745.23
18272,40,2793.04
18276,40,0.00
18280,40,3842.05
18284,40,3512.41
18288,40,2823.17
18292,40,2955.00
18296,40,3223.67
18300,40,3592.86
18304,40,3202.23
18308,40,3408.34
18312,40,3126.14
18316,40,2699.18
18320,40,2532.99
18324,40,3057.72
18328,40,3563.83
18332,40,3790.35
18336,40,3029.33
18340,40,2928.12
18344,40,2797.67
18348,40,3098.27
18352,40,3561.95
18356,40,2945.64
18360,40,3716.91
18364,40,2911.28
18368,40,2880.93
18372,40,3403.34
18376,40,3500.80
18380,40,3287.36
18384,40,3441.03
18388,40,0.00
18392,40,2879.37
18396,40,3454.53
18400,40,3105.98
18404,40,0.00
18408,40,2673.59
18412,40,2683.08
18416,40,2865.70
18420,40,3123.45
18424,40,3465.64
18428,40,0.00
18432,40,2991.81
18436,40,2893.77
18440,40,2862.29
18444,40,3115.02
18448,40,3477.47
18452,40,3138.20
18456,40,3100.51
18460,40,2670.73
18464,40,0.00
18468,40,3095.00
18472,40,3063.14
18476,40,2798.29
18480,40,3089.97
18484,40,2868.25
18488,40,2841.92
18492,40,3097.61
18496,40,3050.58
18500,40,2788.93
18504,40,2656.47
18508,40,2868.83
18512,40,2829.14
18516,40,3095.40
18520,40,3440.55
18524,40,3208.15
18528,40,2641.62
18532,40,2853.00
18536,40,2826.52
18540,40,3093.35
18544,40,3049.01
18548,40,0.00
18552,40,2427.17
18556,40,2642.30
18560,40,0.00
18564,40,3538.46
18568,40,3045.23
18572,40,2862.63
18576,40,0.00
18580,40,2670.48
18584,40,2823.84
18588,40,0.00
18592,40,3036.32
18596,40,3211.52
18600,40,2428.13
18604,40,2639.31
18608,40,0.00
18612,40,3236.93
18616,40,3035.57
18620,40,3190.75
18624,40,2404.11
18628,40,2786.28
18632,40,2795.21
18636,40,2990.16
18640,40,0.00
18644,40,3174.54
18648,40,2705.23
18652,40,2599.59
18656,40,2724.25
18660,40,2905.24
18664,40,3060.21
18668,40,0.00
18672,40,3128.99
18676,40,2822.14
18680,40,2717.33
18684,40,3185.19
18688,40,3040.82
18692,40,0.00
18696,40,3613.27
18700,40,2351.48
18704,40,2629.45
18708,40,2892.03
18712,40,3029.34
18716,40,3478.82
18720,40,2929.74
18724,40,2771.14
18728,40,2621.76
18732,40,3041.97
18736,40,0.00
18740,40,2962.87
18744,40,3031.76
18748,40,3052.69
18752,40,2372.37
18756,40,2724.36
18760,40,0.00
18764,40,3636.32
18768,40,2791.49
18772,40,0.00
18776,40,2540.40
18780,40,2729.67
18784,40,2915.27
18788,40,3346.60
18792,40,3094.11
18796,40,3274.49
18800,40,2542.20
18804,40,2671.42
18808,40,2571.29
18812,40,2990.18
18816,40,3192.10
18820,40,0.00
18824,40,2544.83
18828,40,2683.15
18832,40,2489.87
18836,40,2937.33
18840,40,2911.08
18844,40,0.00
18848,40,0.00
18852,40,2627.90
18856,40,3046.23
18860,40,3250.76
18864,40,2922.93
18868,40,0.00
18872,40,2466.50
18876,40,2790.82
18880,40,2711.35
18884,40,3017.03
18888,40,3705.21
18892,40,0.00
18896,40,0.00
18900,40,2361.83
18904,40,2928.10
18908,40,2963.87
18912,40,3018.65
18916,40,2810.35
18920,40,3302.66
18924,40,2783.51
18928,40,2697.99
18932,40,2946.52
18936,40,3026.21
18940,40,3233.23
18944,40,0.00
18948,40,2564.65
18952,40,2864.77
18956,40,3164.50
18960,40,3378.32
18964,40,3215.59
18968,40,3321.70
18972,40,2786.17
18976,40,2835.66
18980,40,3006.31
18984,40,2681.57
18988,40,3307.62
18992,40,3192.38
18996,40,0.00
19000,40,2631.43
19004,40,3055.36
19008,40,2586.57
19012,40,2916.00
19016,40,2740.83
19020,40,3000.02
19024,40,2597.12
19028,40,2977.60
19032,40,3290.02
19036,40,2973.94
19040,40,3130.06
19044,40,2590.99
19048,40,0.00
19052,40,2745.88
19056,40,3227.73
19060,40,3715.36
19064,40,3114.92
19068,40,2871.69
19072,40,2770.72
19076,40,2683.64
19080,40,3143.60
19084,40,0.00
19088,40,0.00
19092,40,2830.54
19096,40,2903.80
19100,40,2621.58
19104,40,2450.83
19108,40,3016.55
19112,40,2910.12
19116,40,2419.24
19120,40,2683.69
19124,40,2618.36
19128,40,2772.60
19132,40,2626.79
19136,40,2897.08
19140,40,3019.02
19144,40,2777.03
19148,40,2760.97
19152,40,2941.30
19156,40,3260.07
19160,40,3310.76
19164,40,2767.07
19168,40,2835.41
19172,40,2602.69
19176,40,0.00
19180,40,2896.89
19184,40,2978.88
19188,40,2823.87
19192,40,0.00
19196,40,2513.61
19200,40,2582.76
19204,40,2586.18
19208,40,2954.26
19212,40,3260.30
19216,40,2671.45
19220,40,0.00
19224,40,2607.06
19228,40,2952.63
19232,40,0.00
19236,40,0.00
19240,40,2977.62
19244,40,2517.80
19248,40,2733.03
19252,40,2921.58
19256,40,2893.00
19260,40,2587.00
19264,40,2777.62
19268,40,2759.53
19272,40,2517.93
19276,40,2642.64
19280,40,2539.36
19284,40,3303.63
19288,40,3233.58
19292,40,2609.04
19296,40,2725.53
19300,40,0.00
19304,40,3287.96
19308,40,3303.24
19312,40,2874.25
19316,40,3003.72
19320,40,2531.98
19324,40,2350.45
19328,40,2446.82
19332,40,2601.88
19336,40,2576.64
19340,40,0.00
19344,40,2334.96
19348,40,2518.23
19352,40,2716.21
19356,40,2884.59
19360,40,2964.05
19364,40,2932.52
19368,40,2610.97
19372,40,2498.90
19376,40,2773.97
19380,40,3097.85
19384,40,2620.41
19388,40,2868.60
19392,40,2815.22
19396,40,2518.06
19400,40,2588.44
19404,40,2753.95
19408,40,3247.69
19412,40,3207.00
19416,40,2983.60
19420,40,3241.05
19424,40,2542.38
19428,40,2700.47
19432,40,3802.37
19436,40,3264.56
19440,40,3073.05
19444,40,3096.85
19448,40,2722.03
19452,40,2835.90
19456,40,2833.79
19460,40,2588.46
19464,40,3153.56
19468,40,2875.54
19472,40,2708.66
19476,40,2572.67
19480,40,2475.10
19484,40,2597.34
19488,40,3200.12
19492,40,2710.15
19496,40,3565.83
19500,40,2916.43
19504,40,2894.10
19508,40,2844.75
19512,40,2895.05
19516,40,3056.89
19520,40,2796.16
19524,40,2757.65
19528,40,3022.94
19532,40,2526.06
19536,40,2936.21
19540,40,3138.41
19544,40,2871.86
19548,40,2731.18
19552,40,2569.39
19556,40,2473.18
19560,40,2593.75
19564,40,2852.19
19568,40,2575.47
19572,40,2507.30
19576,40,2568.10
19580,40,3113.07
19584,40,2853.69
19588,40,2891.01
19592,40,2727.43
19596,40,2552.75
19600,40,2748.68
19604,40,3010.78
19608,40,0.00
19612,40,2928.17
19616,40,3118.27
19620,40,3471.46
19624,40,2745.03
19628,40,2797.51
19632,40,2958.19
19636,40,0.00
19640,40,2869.71
19644,40,2944.62
19648,40,2484.01
19652,40,2508.63
19656,40,2880.21
19660,40,2844.47
19664,40,0.00
19668,40,2742.06
19672,40,2520.43
19676,40,2472.52
19680,40,2594.39
19684,40,3030.78
19688,40,3238.62
19692,40,0.00
19696,40,3243.03
19700,40,0.00
19704,40,2294.87
19708,40,2899.51
19712,40,2836.60
19716,40,2854.78
19720,40,2683.88
19724,40,2987.23
19728,40,2504.90
19732,40,2571.04
19736,40,0.00
19740,40,3187.56
19744,40,2772.80
19748,40,2745.90
19752,40,2722.11
19756,40,2537.74
19760,40,2935.50
19764,40,0.00
19768,40,2812.03
19772,40,2617.96
19776,40,2697.39
19780,40,2496.17
19784,40,2372.25
19788,40,2836.58
19792,40,3246.09
19796,40,0.00
19800,40,2554.49
19804,40,2505.74
19808,40,2532.49
19812,40,2785.11
19816,40,2570.58
19820,40,3166.91
19824,40,2541.98
19828,40,2288.90
19832,40,0.00
19836,40,2446.11
19840,40,2977.70
19844,40,3608.88
19848,40,3057.77
19852,40,2311.04
19856,40,2349.22
19860,40,2617.59
19864,40,2905.02
19868,40,2962.71
19872,40,2489.54
19876,40,2615.19
19880,40,2317.00
19884,40,2649.40
19888,40,2850.85
19892,40,2985.84
19896,40,0.00
19900,40,2872.99
19904,40,2530.25
19908,40,2615.17
19912,40,2786.40
19916,40,0.00
19920,40,3246.50
19924,40,3017.49
19928,40,2617.93
19932,40,2765.74
19936,40,0.00
19940,40,3121.73
19944,40,3335.48
19948,40,2788.36
19952,40,2587.41
19956,40,2544.89
19960,40,2922.89
19964,40,2917.45
19968,40,3002.24
19972,40,3099.42
19976,40,2849.65
19980,40,2599.37
19984,40,2869.87
19988,40,3119.26
19992,40,3330.00
19996,40,2839.76
20000,20,2912.23
20004,20,2739.67
20008,20,2784.05
20012,20,2855.78
20016,20,2932.21
20020,20,2860.46
20024,20,0.00
20028,20,2494.45
20032,20,2499.58
20036,20,2906.53
20040,20,0.00
20044,20,0.00
20048,20,2896.29
20052,20,2488.46
20056,20,2448.26
20060,20,2548.25
20064,20,2979.82
20068,20,3170.79
20072,20,2949.21
20076,20,2311.02
20080,20,2209.25
20084,20,2424.51
20088,20,2569.63
20092,20,2463.83
20096,20,2794.76
20100,20,2376.61
20104,20,0.00
20108,20,0.00
20112,20,2421.17
20116,20,2567.53
20120,20,0.00
20124,20,0.00
20128,20,2257.57
20132,20,2362.68
20136,20,2319.67
20140,20,2619.57
20144,20,0.00
20148,20,2400.89
20152,20,2958.20
20156,20,2732.88
20160,20,2565.15
20164,20,0.00
20168,20,2380.73
20172,20,0.00
20176,20,2510.84
20180,20,2278.70
20184,20,2679.52
20188,20,2504.24
20192,20,2269.86
20196,20,2356.46
20200,20,2487.77
20204,20,0.00
20208,20,2247.02
20212,20,2364.61
20216,20,2237.30
20220,20,0.00
20224,20,2287.82
20228,20,2477.54
20232,20,2589.71
20236,20,2865.76
20240,20,2342.51
20244,20,0.00
20248,20,2196.35
20252,20,2542.60
20256,20,2640.07
20260,20,2562.97
20264,20,0.00
20268,20,2365.87
20272,20,2208.96
20276,20,1996.17
20280,20,2088.82
20284,20,2361.94
20288,20,2779.53
20292,20,2807.65
20296,20,2705.15
20300,20,2263.62
20304,20,2401.25
20308,20,0.00
20312,20,2374.48
20316,20,2448.75
20320,20,2801.89
20324,20,2418.50
20328,20,0.00
20332,20,2261.12
20336,20,1981.68
20340,20,0.00
20344,20,2726.34
20348,20,2781.76
20352,20,2754.89
20356,20,2267.21
20360,20,2151.93
20364,20,2117.44
20368,20,2168.53
20372,20,2314.65
20376,20,2416.90
20380,20,0.00
20384,20,2350.47
20388,20,2025.97
20392,20,1938.26
20396,20,2127.07
20400,20,2205.18
20404,20,2309.01
20408,20,2462.52
20412,20,2416.76
20416,20,2293.85
20420,20,2122.12
20424,20,0.00
20428,20,2018.12
20432,20,2601.19
20436,20,2680.97
20440,20,0.00
20444,20,2513.19
20448,20,2395.46
20452,20,1923.87
20456,20,2257.28
20460,20,2185.36
20464,20,2335.31
20468,20,2766.67
20472,20,2652.60
20476,20,0.00
20480,20,2454.40
20484,20,2072.56
20488,20,2279.91
20492,20,2259.92
20496,20,2090.93
20500,20,0.00
20504,20,2171.54
20508,20,2187.81
20512,20,2060.50
20516,20,1906.85
20520,20,2151.40
20524,20,2248.50
20528,20,0.00
20532,20,2357.24
20536,20,2281.38
20540,20,2075.41
20544,20,0.00
20548,20,2036.82
20552,20,2187.05
20556,20,2291.37
20560,20,2384.53
20564,20,2364.57
20568,20,0.00
20572,20,2062.83
20576,20,2031.28
20580,20,2086.78
20584,20,1976.13
20588,20,2315.14
20592,20,2379.49
20596,20,2307.23
20600,20,2147.44
20604,20,1878.82
20608,20,0.00
20612,20,2011.88
20616,20,2203.32
20620,20,2314.34
20624,20,2078.15
20628,20,2243.61
20632,20,1919.09
20636,20,2017.62
20640,20,1861.65
20644,20,2109.00
20648,20,1985.16
20652,20,2127.79
20656,20,2314.75
20660,20,0.00
20664,20,2625.17
20668,20,2016.90
20672,20,2035.21
20676,20,0.00
20680,20,2252.11
20684,20,2620.24
20688,20,2316.95
20692,20,2183.27
20696,20,1876.79
20700,20,1845.83
20704,20,1872.31
20708,20,1951.95
20712,20,2022.13
20716,20,2341.40
20720,20,2552.05
20724,20,0.00
20728,20,2359.16
20732,20,2162.26
20736,20,2227.90
20740,20,2146.84
20744,20,2406.76
20748,20,2075.89
20752,20,0.00
20756,20,1936.86
20760,20,1999.77
20764,20,1837.34
20768,20,2049.77
20772,20,0.00
20776,20,2253.33
20780,20,2380.84
20784,20,2262.37
20788,20,2104.53
20792,20,2015.63
20796,20,1985.71
20800,20,1883.49
20804,20,2161.58
20808,20,2043.51
20812,20,0.00
20816,20,2107.93
20820,20,2266.54
20824,20,2187.99
20828,20,1976.11
20832,20,2034.17
20836,20,2156.46
20840,20,0.00
20844,20,2733.99
20848,20,2216.77
20852,20,2097.20
20856,20,2045.61
20860,20,4403.53
20864,20,2031.81
20868,20,0.00
20872,20,2311.89
20876,20,0.00
20880,20,2191.76
20884,20,1914.69
20888,20,1976.64
20892,20,0.00
20896,20,2072.62
20900,20,2158.71
20904,20,2320.78
20908,20,2317.38
20912,20,2196.18
20916,20,2848.40
20920,20,1980.47
20924,20,1984.33
20928,20,2071.27
20932,20,2125.32
20936,20,2305.72
20940,20,0.00
20944,20,2366.16
20948,20,0.00
20952,20,1982.67
20956,20,1981.47
20960,20,2071.31
20964,20,2165.49
20968,20,2313.81
20972,20,2024.71
20976,20,2207.82
20980,20,2341.22
20984,20,1985.04
20988,20,0.00
20992,20,2199.70
20996,20,2415.72
21000,20,2536.69
21004,20,2678.65
21008,20,2211.66
21012,20,2085.07
21016,20,1984.10
21020,20,1855.78
21024,20,2080.81
21028,20,2254.77
21032,20,2312.16
21036,20,2558.62
21040,20,2251.32
21044,20,2037.33
21048,20,0.00
21052,20,2116.13
21056,20,0.00
21060,20,2213.74
21064,20,0.00
21068,20,2706.40
21072,20,2161.29
21076,20,2043.59
21080,20,4303.06
21084,20,4438.08
21088,20,2066.07
21092,20,2216.73
21096,20,2323.33
21100,20,2282.05
21104,20,2148.91
21108,20,2049.93
21112,20,2064.39
21116,20,1998.61
21120,20,0.00
21124,20,2549.15
21128,20,2516.65
21132,20,0.00
21136,20,2306.48
21140,20,2046.32
21144,20,1978.38
21148,20,1834.11
21152,20,2092.69
21156,20,0.00
21160,20,2946.36
21164,20,2275.59
21168,20,2133.41
21172,20,2035.47
21176,20,1954.58
21180,20,1981.89
21184,20,2268.18
21188,20,2200.07
21192,20,2295.32
21196,20,1989.57
21200,20,2125.94
21204,20,0.00
21208,20,0.00
21212,20,2151.74
21216,20,1959.68
21220,20,2160.66
21224,20,2019.13
21228,20,2266.11
21232,20,2444.22
21236,20,2022.42
21240,20,1962.18
21244,20,1969.29
21248,20,2048.19
21252,20,0.00
21256,20,2024.18
21260,20,2235.36
21264,20,2182.16
21268,20,2564.96
21272,20,1960.11
21276,20,1971.40
21280,20,0.00
21284,20,2350.44
21288,20,2273.07
21292,20,2239.01
21296,20,0.00
21300,20,2009.09
21304,20,1954.55
21308,20,0.00
21312,20,1975.69
21316,20,2184.15
21320,20,2497.07
21324,20,2340.53
21328,20,1929.79
21332,20,2544.67
21336,20,2670.80
21340,20,0.00
21344,20,1953.22
21348,20,2137.06
21352,20,0.00
21356,20,2759.88
21360,20,2701.68
21364,20,2310.45
21368,20,0.00
21372,20,1894.04
21376,20,2044.83
21380,20,2137.92
21384,20,2281.16
21388,20,2298.65
21392,20,2163.35
21396,20,2077.85
21400,20,1954.57
21404,20,0.00
21408,20,2178.56
21412,20,2141.91
21416,20,2282.29
21420,20,2292.75
21424,20,2441.06
21428,20,2237.17
21432,20,2113.50
21436,20,1820.98
21440,20,1878.29
21444,20,1950.26
21448,20,2030.72
21452,20,2300.60
21456,20,2182.51
21460,20,1867.99
21464,20,1968.26
21468,20,1962.66
21472,20,2141.06
21476,20,2326.90
21480,20,2863.98
21484,20,0.00
21488,20,2641.64
21492,20,1867.93
21496,20,1965.92
21500,20,1965.44
21504,20,2127.53
21508,20,2331.03
21512,20,2481.65
21516,20,2304.75
21520,20,0.00
21524,20,1960.42
21528,20,1964.58
21532,20,1962.53
21536,20,2100.49
21540,20,2325.57
21544,20,2348.64
21548,20,0.00
21552,20,2640.19
21556,20,2083.92
21560,20,1964.36
21564,20,1960.66
21568,20,2216.48
21572,20,2325.94
21576,20,2294.49
21580,20,2030.47
21584,20,0.00
21588,20,2373.99
21592,20,2160.77
21596,20,1812.59
21600,20,1835.15
21604,20,2072.44
21608,20,2289.93
21612,20,2549.92
21616,20,2174.72
21620,20,0.00
21624,20,2069.78
21628,20,1955.16
21632,20,1857.80
21636,20,2134.16
21640,20,2283.48
21644,20,2292.53
21648,20,2280.49
21652,20,2089.40
21656,20,1990.79
21660,20,0.00
21664,20,1516.68
21668,20,2131.86
21672,20,0.00
21676,20,2275.51
21680,20,2226.00
21684,20,1860.18
21688,20,1991.96
21692,20,1951.57
21696,20,1832.36
21700,20,2126.53
21704,20,2225.67
21708,20,2274.81
21712,20,2214.10
21716,20,2063.18
21720,20,1975.24
21724,20,1976.93
21728,20,1995.47
21732,20,2115.40
21736,20,2215.35
21740,20,2268.28
21744,20,2200.54
21748,20,2051.10
21752,20,1802.96
21756,20,1782.45
21760,20,1984.94
21764,20,1881.64
21768,20,2207.25
21772,20,2269.04
21776,20,2461.30
21780,20,0.00
21784,20,0.00
21788,20,1984.79
21792,20,1968.55
21796,20,2076.26
21800,20,2158.98
21804,20,2278.29
21808,20,2211.83
21812,20,2115.21
21816,20,2229.31
21820,20,1938.31
21824,20,1973.19
21828,20,2088.16
21832,20,2191.82
21836,20,2283.15
21840,20,0.00
21844,20,0.00
21848,20,1892.33
21852,20,0.00
21856,20,1922.66
21860,20,1909.42
21864,20,1948.13
21868,20,2294.55
21872,20,2263.82
21876,20,1914.71
21880,20,2037.18
21884,20,1959.01
21888,20,1838.08
21892,20,1918.77
21896,20,2215.91
21900,20,2304.51
21904,20,2270.06
21908,20,2142.93
21912,20,2041.55
21916,20,1960.20
21920,20,1844.08
21924,20,2115.00
21928,20,2212.59
21932,20,2286.70
21936,20,2270.76
21940,20,2125.67
21944,20,1907.86
21948,20,0.00
21952,20,1842.65
21956,20,1915.55
21960,20,2201.16
21964,20,2302.62
21968,20,2243.66
21972,20,2397.11
21976,20,2047.36
21980,20,2116.01
21984,20,2121.01
21988,20,2114.65
21992,20,2214.33
21996,20,2284.74
22000,0,2520.91
22004,0,2658.13
22008,0,0.00
22012,0,2164.41
22016,0,0.00
22020,0,2387.95
22024,0,2456.50
22028,0,0.00
22032,0,2478.37
22036,0,0.00
22040,0,0.00
22044,0,2054.29
22048,0,2048.35
22052,0,2062.99
22056,0,0.00
22060,0,0.00
22064,0,2405.27
22068,0,2383.29
22072,0,2311.23
22076,0,0.00
22080,0,0.00
22084,0,0.00
22088,0,0.00
22092,0,0.00
22096,0,0.00
22100,0,0.00
22104,0,0.00
22108,0,0.00
22112,0,0.00
22116,0,1822.52
22120,0,1761.31
22124,0,0.00
22128,0,0.00
22132,0,0.00
22136,0,1795.62
22140,0,1832.33
22144,0,0.00
22148,0,0.00
22152,0,0.00
22156,0,1745.23
22160,0,0.00
22164,0,1522.50
22168,0,0.00
22172,0,0.00
22176,0,1440.26
22180,0,0.00
22184,0,1544.18
22188,0,0.00
22192,0,1634.02
22196,0,0.00
22200,0,1608.68
22204,0,0.00
22208,0,1464.72
22212,0,0.00
22216,0,0.00
22220,0,1228.22
22224,0,0.00
22228,0,0.00
22232,0,1181.14
22236,0,0.00
22240,0,0.00
22244,0,0.00
22248,0,1282.49
22252,0,0.00
22256,0,0.00
22260,0,0.00
22264,0,1234.48
22268,0,1217.00
22272,0,0.00
22276,0,0.00
22280,0,0.00
22284,0,0.00
22288,0,0.00
22292,0,0.00
22296,0,0.00
22300,0,0.00
22304,0,0.00
22308,0,896.59
22312,0,898.75
22316,0,901.83
22320,0,0.00
22324,0,0.00
22328,0,0.00
22332,0,0.00
22336,0,0.00
22340,0,0.00
22344,0,838.93
22348,0,0.00
22352,0,0.00
22356,0,0.00
22360,0,710.90
22364,0,0.00
22368,0,0.00
22372,0,597.13
22376,0,0.00
22380,0,0.00
22384,0,0.00
22388,0,0.00
22392,0,0.00
22396,0,0.00
22400,0,0.00
22404,0,0.00
22408,0,0.00
22412,0,0.00
22416,0,0.00
22420,0,0.00
22424,0,0.00
22428,0,399.36
22432,0,0.00
22436,0,0.00
22440,0,0.00
22444,0,0.00
22448,0,0.00
22452,0,0.00
22456,0,0.00
22460,0,0.00
22464,0,0.00
22468,0,0.00
22472,0,0.00
22476,0,0.00
22480,0,0.00
22484,0,0.00
22488,0,0.00
22492,0,0.00
22496,0,111.69
22500,0,0.00
22504,0,0.00
22508,0,0.00
22512,0,0.00
22516,0,0.00
22520,0,0.00
22524,0,0.00
22528,0,0.00
22532,0,0.00
22536,0,0.00
22540,0,0.00
22544,0,0.00
22548,0,0.00
22552,0,0.00
22556,0,0.00
22560,0,0.00
22564,0,0.00
22568,0,0.00
22572,0,0.00
22576,0,0.00
22580,0,0.00
22584,0,0.00
22588,0,0.00
22592,0,0.00
22596,0,0.00
22600,0,0.00
22604,0,0.00
22608,0,0.00
22612,0,0.00
22616,0,0.00
22620,0,0.00
22624,0,0.00
22628,0,0.00
22632,0,0.00
22636,0,0.00
22640,0,0.00
22644,0,0.00
22648,0,0.00
22652,0,0.00
22656,0,0.00
22660,0,0.00
22664,0,0.00
22668,0,0.00
22672,0,0.00
22676,0,0.00
22680,0,0.00
22684,0,0.00
22688,0,0.00
22692,0,0.00
22696,0,0.00
22700,0,0.00
22704,0,0.00
22708,0,0.00
22712,0,0.00
22716,0,0.00
22720,0,0.00
22724,0,0.00
22728,0,0.00
22732,0,0.00
22736,0,0.00
22740,0,0.00
22744,0,0.00
22748,0,0.00
22752,0,0.00
22756,0,0.00
22760,0,0.00
22764,0,0.00
22768,0,0.00
22772,0,0.00
22776,0,0.00
22780,0,0.00
22784,0,0.00
22788,0,0.00
22792,0,0.00
22796,0,0.00
22800,0,0.00
22804,0,0.00
22808,0,0.00
22812,0,0.00
22816,0,0.00
22820,0,0.00
22824,0,0.00
22828,0,0.00
22832,0,0.00
22836,0,0.00
22840,0,0.00
22844,0,0.00
22848,0,0.00
22852,0,0.00
22856,0,0.00
22860,0,0.00
22864,0,0.00
22868,0,0.00
22872,0,0.00
22876,0,0.00
22880,0,0.00
22884,0,0.00
22888,0,0.00
22892,0,0.00
22896,0,0.00
22900,0,0.00
22904,0,0.00
22908,0,0.00
22912,0,0.00
22916,0,0.00
22920,0,0.00
22924,0,0.00
22928,0,0.00
22932,0,0.00
22936,0,0.00
22940,0,0.00
22944,0,0.00
22948,0,0.00
22952,0,0.00
22956,0,0.00
22960,0,0.00
22964,0,0.00
22968,0,0.00
22972,0,0.00
22976,0,0.00
22980,0,0.00
22984,0,0.00
22988,0,0.00
22992,0,0.00
22996,0,0.00
23000,0,0.00
23004,0,0.00
23008,0,0.00
23012,0,0.00
23016,0,0.00
23020,0,0.00
23024,0,0.00
23028,0,0.00
23032,0,0.00
23036,0,0.00
23040,0,0.00
23044,0,0.00
23048,0,0.00
23052,0,0.00
23056,0,0.00
23060,0,0.00
23064,0,0.00
23068,0,0.00
23072,0,0.00
23076,0,0.00
23080,0,0.00
23084,0,0.00
23088,0,0.00
23092,0,0.00
23096,0,0.00
23100,0,0.00
23104,0,0.00
23108,0,0.00
23112,0,0.00
23116,0,0.00
23120,0,0.00
23124,0,0.00
23128,0,0.00
23132,0,0.00
23136,0,0.00
23140,0,0.00
23144,0,0.00
23148,0,0.00
23152,0,0.00
23156,0,0.00
23160,0,0.00
23164,0,0.00
23168,0,0.00
23172,0,0.00
23176,0,0.00
23180,0,0.00
23184,0,0.00
23188,0,0.00
23192,0,0.00
23196,0,0.00
23200,0,0.00
23204,0,0.00
23208,0,0.00
23212,0,0.00
23216,0,0.00
23220,0,0.00
23224,0,0.00
23228,0,0.00
23232,0,0.00
23236,0,0.00
23240,0,0.00
23244,0,0.00
23248,0,0.00
23252,0,0.00
23256,0,0.00
23260,0,0.00
23264,0,0.00
23268,0,0.00
23272,0,0.00
23276,0,0.00
23280,0,0.00
23284,0,0.00
23288,0,0.00
23292,0,0.00
23296,0,0.00
23300,0,0.00
23304,0,0.00
23308,0,0.00
23312,0,0.00
23316,0,0.00
23320,0,0.00
23324,0,0.00
23328,0,0.00
23332,0,0.00
23336,0,0.00
23340,0,0.00
23344,0,0.00
23348,0,0.00
23352,0,0.00
23356,0,0.00
23360,0,0.00
23364,0,0.00
23368,0,0.00
23372,0,0.00
23376,0,0.00
23380,0,0.00
23384,0,0.00
23388,0,0.00
23392,0,0.00
23396,0,0.00
23400,0,0.00
23404,0,0.00
23408,0,0.00
23412,0,0.00
23416,0,0.00
23420,0,0.00
23424,0,0.00
23428,0,0.00
23432,0,0.00
23436,0,0.00
23440,0,0.00
23444,0,0.00
23448,0,0.00
23452,0,0.00
23456,0,0.00
23460,0,0.00
23464,0,0.00
23468,0,0.00
23472,0,0.00
23476,0,0.00
23480,0,0.00
23484,0,0.00
23488,0,0.00
23492,0,0.00
23496,0,0.00
23500,0,0.00
23504,0,0.00
23508,0,0.00
23512,0,0.00
23516,0,0.00
23520,0,0.00
23524,0,0.00
23528,0,0.00
23532,0,0.00
23536,0,0.00
23540,0,0.00
23544,0,0.00
23548,0,0.00
23552,0,0.00
23556,0,0.00
23560,0,0.00
23564,0,0.00
23568,0,0.00
23572,0,0.00
23576,0,0.00
23580,0,0.00
23584,0,0.00
23588,0,0.00
23592,0,0.00
23596,0,0.00
23600,0,0.00
23604,0,0.00
23608,0,0.00
23612,0,0.00
23616,0,0.00
23620,0,0.00
23624,0,0.00
23628,0,0.00
23632,0,0.00
23636,0,0.00
23640,0,0.00
23644,0,0.00
23648,0,0.00
23652,0,0.00
23656,0,0.00
23660,0,0.00
23664,0,0.00
23668,0,0.00
23672,0,0.00
23676,0,0.00
23680,0,0.00
23684,0,0.00
23688,0,0.00
23692,0,0.00
23696,0,0.00
23700,0,0.00
23704,0,0.00
23708,0,0.00
23712,0,0.00
23716,0,0.00
23720,0,0.00
23724,0,0.00
23728,0,0.00
23732,0,0.00
23736,0,0.00
23740,0,0.00
23744,0,0.00
23748,0,0.00
23752,0,0.00
23756,0,0.00
23760,0,0.00
23764,0,0.00
23768,0,0.00
23772,0,0.00
23776,0,0.00
23780,0,0.00
23784,0,0.00
23788,0,0.00
23792,0,0.00
23796,0,0.00
23800,0,0.00
23804,0,0.00
23808,0,0.00
23812,0,0.00
23816,0,0.00
23820,0,0.00
23824,0,0.00
23828,0,0.00
23832,0,0.00
23836,0,0.00
23840,0,0.00
23844,0,0.00
23848,0,0.00
23852,0,0.00
23856,0,0.00
23860,0,0.00
23864,0,0.00
23868,0,0.00
23872,0,0.00
23876,0,0.00
23880,0,0.00
23884,0,0.00
23888,0,0.00
23892,0,0.00
23896,0,0.00
23900,0,0.00
23904,0,0.00
23908,0,0.00
23912,0,0.00
23916,0,0.00
23920,0,0.00
23924,0,0.00
23928,0,0.00
23932,0,0.00
23936,0,0.00
23940,0,0.00
23944,0,0.00
23948,0,0.00
23952,0,0.00
23956,0,0.00
23960,0,0.00
23964,0,0.00
23968,0,0.00
23972,0,0.00
23976,0,0.00
23980,0,0.00
23984,0,0.00
23988,0,0.00
23992,0,0.00
23996,0,0.00
